DELETE t_fcc_seg_bc_alloc WHERE (FCCSBA_ID BETWEEN 19000 AND 19100) OR (FCCSA_ID BETWEEN 19000 AND 19100);
DELETE T_INTERCEPTING_FCC_SEG_ALLOC WHERE IFCCSA_ID BETWEEN 19000 AND 19100;
DELETE t_fcc_seg_alloc WHERE (FCCSA_ID BETWEEN 19000 AND 19100) OR (FLIGHT_ID BETWEEN 19000 AND 19100);
DELETE t_fcc_alloc WHERE (FCCA_ID BETWEEN 19000 AND 19100) OR (FLIGHT_ID BETWEEN 19000 AND 19100);
DELETE t_booking_class WHERE BOOKING_CODE LIKE 'I_S' OR BOOKING_CODE LIKE 'Y_S' OR BOOKING_CODE LIKE 'J_S'
	OR BOOKING_CODE LIKE 'I_N' OR BOOKING_CODE LIKE 'Y_N' OR BOOKING_CODE LIKE 'J_N'
	OR BOOKING_CODE LIKE 'I_F' OR BOOKING_CODE LIKE 'Y_F' OR BOOKING_CODE LIKE 'J_F';
DELETE t_flight_segment WHERE FLT_SEG_ID BETWEEN 19000 AND 19100;
DELETE t_flight_leg WHERE FLIGHT_LEG_ID BETWEEN 19000 AND 19100;
DELETE t_flight WHERE FLIGHT_ID BETWEEN 19000 AND 19100;
DELETE t_aircraft_cc_capacity WHERE ACCC_ID BETWEEN 19000 AND 19100;
DELETE t_aircraft_model WHERE MODEL_NUMBER IN ('A320XINV1','A320XINV2');

-- aircraft model
INSERT INTO t_aircraft_model
(MODEL_NUMBER,STATUS,VERSION,DESCRIPTION)
VALUES
('A320XINV1','Active',0,'Airbus 320X INV TESTDATA1');
INSERT INTO t_aircraft_model
(MODEL_NUMBER,STATUS,VERSION,DESCRIPTION)
VALUES
('A320XINV2','Active',0,'Airbus 320X INV TESTDATA2');

-- aircraft cabinclass capacities
INSERT INTO t_aircraft_cc_capacity
(ACCC_ID,MODEL_NUMBER,CABIN_CLASS_CODE,VERSION,SEAT_CAPACITY,INFANT_CAPACITY)
VALUES
(19000,'A320XINV1','I',0,150,10);
INSERT INTO t_aircraft_cc_capacity
(ACCC_ID,MODEL_NUMBER,CABIN_CLASS_CODE,VERSION,SEAT_CAPACITY,INFANT_CAPACITY)
VALUES
(19001,'A320XINV2','I',0,60,5);
INSERT INTO t_aircraft_cc_capacity
(ACCC_ID,MODEL_NUMBER,CABIN_CLASS_CODE,VERSION,SEAT_CAPACITY,INFANT_CAPACITY)
VALUES
(19002,'A320XINV2','Y',0,50,5);
INSERT INTO t_aircraft_cc_capacity
(ACCC_ID,MODEL_NUMBER,CABIN_CLASS_CODE,VERSION,SEAT_CAPACITY,INFANT_CAPACITY)
VALUES
(19003,'A320XINV2','J',0,50,5);

-- +===================================================================+
-- | DATA SET FOR TESTING CREATE IVNENTORY                             |
-- +===================================================================+

-- flight
INSERT INTO t_flight
(FLIGHT_ID,SCHEDULE_ID,FLIGHT_NUMBER,DEPARTURE_DATE,DAY_NUMBER,OPERATION_TYPE_ID,
ORIGIN,DESTINATION,AVAILABLE_SEAT_KILOMETERS,OVERLAP_FLIGHT_INSTANCE_ID,TAIL_NUMBER,MODEL_NUMBER,STATUS,
CREATED_BY,CREATED_DATE,MODIFIED_BY,MODIFIED_DATE,VERSION,MANUALLY_CHANGED)
VALUES
(19000,NULL,'G9INV1',to_date('2009/01/01', 'yyyy/mm/dd'),3,2,
'CMB','SHJ',1,NULL,NULL,'A320XINV1','ACT',
NULL,to_date('2006/10/04', 'yyyy/mm/dd'),NULL,NULL,0,'N');

INSERT INTO t_flight
(FLIGHT_ID,SCHEDULE_ID,FLIGHT_NUMBER,DEPARTURE_DATE,DAY_NUMBER,OPERATION_TYPE_ID,
ORIGIN,DESTINATION,AVAILABLE_SEAT_KILOMETERS,OVERLAP_FLIGHT_INSTANCE_ID,TAIL_NUMBER,MODEL_NUMBER,STATUS,
CREATED_BY,CREATED_DATE,MODIFIED_BY,MODIFIED_DATE,VERSION,MANUALLY_CHANGED)
VALUES
(19001,NULL,'G9INV2',to_date('2009/01/02', 'yyyy/mm/dd'),4,2,
'CMB','SHJ',1,NULL,NULL,'A320XINV2','ACT',
NULL,to_date('2006/10/04', 'yyyy/mm/dd'),NULL,NULL,0,'N');

INSERT INTO t_flight
(FLIGHT_ID,SCHEDULE_ID,FLIGHT_NUMBER,DEPARTURE_DATE,DAY_NUMBER,OPERATION_TYPE_ID,
ORIGIN,DESTINATION,AVAILABLE_SEAT_KILOMETERS,OVERLAP_FLIGHT_INSTANCE_ID,TAIL_NUMBER,MODEL_NUMBER,STATUS,
CREATED_BY,CREATED_DATE,MODIFIED_BY,MODIFIED_DATE,VERSION,MANUALLY_CHANGED)
VALUES
(19002,NULL,'G9INV3',to_date('2009/01/01', 'yyyy/mm/dd'),3,2,
'SHJ','LXR',1,NULL,NULL,'A320XINV1','ACT',
NULL,to_date('2006/10/04', 'yyyy/mm/dd'),NULL,NULL,0,'N');

INSERT INTO t_flight
(FLIGHT_ID,SCHEDULE_ID,FLIGHT_NUMBER,DEPARTURE_DATE,DAY_NUMBER,OPERATION_TYPE_ID,
ORIGIN,DESTINATION,AVAILABLE_SEAT_KILOMETERS,OVERLAP_FLIGHT_INSTANCE_ID,TAIL_NUMBER,MODEL_NUMBER,STATUS,
CREATED_BY,CREATED_DATE,MODIFIED_BY,MODIFIED_DATE,VERSION,MANUALLY_CHANGED)
VALUES
(19003,NULL,'G9INV4',to_date('2009/01/02', 'yyyy/mm/dd'),4,2,
'SHJ','LXR',1,NULL,NULL,'A320XINV2','ACT',
NULL,to_date('2006/10/04', 'yyyy/mm/dd'),NULL,NULL,0,'N');

INSERT INTO t_flight
(FLIGHT_ID,SCHEDULE_ID,FLIGHT_NUMBER,DEPARTURE_DATE,DAY_NUMBER,OPERATION_TYPE_ID,
ORIGIN,DESTINATION,AVAILABLE_SEAT_KILOMETERS,OVERLAP_FLIGHT_INSTANCE_ID,TAIL_NUMBER,MODEL_NUMBER,STATUS,
CREATED_BY,CREATED_DATE,MODIFIED_BY,MODIFIED_DATE,VERSION,MANUALLY_CHANGED)
VALUES
(19004,NULL,'G9INV5',to_date('2009/01/03', 'yyyy/mm/dd'),5,2,
'SHJ','LXR',1,NULL,NULL,'A320XINV1','ACT',
NULL,to_date('2006/10/04', 'yyyy/mm/dd'),NULL,NULL,0,'N');

INSERT INTO t_flight
(FLIGHT_ID,SCHEDULE_ID,FLIGHT_NUMBER,DEPARTURE_DATE,DAY_NUMBER,OPERATION_TYPE_ID,
ORIGIN,DESTINATION,AVAILABLE_SEAT_KILOMETERS,OVERLAP_FLIGHT_INSTANCE_ID,TAIL_NUMBER,MODEL_NUMBER,STATUS,
CREATED_BY,CREATED_DATE,MODIFIED_BY,MODIFIED_DATE,VERSION,MANUALLY_CHANGED)
VALUES
(19005,NULL,'G9INV6',to_date('2009/01/03', 'yyyy/mm/dd'),5,2,
'SSH','SHJ',1,19004,NULL,'A320XINV1','ACT',
NULL,to_date('2006/10/04', 'yyyy/mm/dd'),NULL,NULL,0,'N');

UPDATE t_flight SET OVERLAP_FLIGHT_INSTANCE_ID=19005 WHERE FLIGHT_ID=19004;

INSERT INTO t_flight
(FLIGHT_ID,SCHEDULE_ID,FLIGHT_NUMBER,DEPARTURE_DATE,DAY_NUMBER,OPERATION_TYPE_ID,
ORIGIN,DESTINATION,AVAILABLE_SEAT_KILOMETERS,OVERLAP_FLIGHT_INSTANCE_ID,TAIL_NUMBER,MODEL_NUMBER,STATUS,
CREATED_BY,CREATED_DATE,MODIFIED_BY,MODIFIED_DATE,VERSION,MANUALLY_CHANGED)
VALUES
(19006,NULL,'G9INV6',to_date('2009/01/04', 'yyyy/mm/dd'),6,2,
'SHJ','LXR',1,NULL,NULL,'A320XINV2','ACT',
NULL,to_date('2006/10/04', 'yyyy/mm/dd'),NULL,NULL,0,'N');

INSERT INTO t_flight
(FLIGHT_ID,SCHEDULE_ID,FLIGHT_NUMBER,DEPARTURE_DATE,DAY_NUMBER,OPERATION_TYPE_ID,
ORIGIN,DESTINATION,AVAILABLE_SEAT_KILOMETERS,OVERLAP_FLIGHT_INSTANCE_ID,TAIL_NUMBER,MODEL_NUMBER,STATUS,
CREATED_BY,CREATED_DATE,MODIFIED_BY,MODIFIED_DATE,VERSION,MANUALLY_CHANGED)
VALUES
(19007,NULL,'G9INV7',to_date('2009/01/04', 'yyyy/mm/dd'),6,2,
'SSH','SHJ',1,19006,NULL,'A320XINV2','ACT',
NULL,to_date('2006/10/04', 'yyyy/mm/dd'),NULL,NULL,0,'N');

UPDATE t_flight SET OVERLAP_FLIGHT_INSTANCE_ID=19007 WHERE FLIGHT_ID=19006;


-- flight legs
INSERT INTO t_flight_leg
(FLIGHT_LEG_ID,FLIGHT_ID,LEG_NUMBER,ORIGIN,DESTINATION,DURATION,DEPARTURE_DAY_OFFSET,ARRIVAL_DAY_OFFSET,
VERSION,EST_TIME_DEPARTURE_ZULU,EST_TIME_ARRIVAL_ZULU,EST_TIME_DEPARTURE_LOCAL,EST_TIME_ARRIVAL_LOCAL,
EST_DEPARTURE_DAY_OFFSET,EST_ARRIVAL_DAY_OFFSET, ROUTE_ID)
VALUES
(19000,19000,1,'CMB','SHJ',2,0,0,
0,to_date('2009/01/01', 'yyyy/mm/dd'),to_date('2009/01/01', 'yyyy/mm/dd'),to_date('2009/01/01', 'yyyy/mm/dd'),to_date('2009/01/01', 'yyyy/mm/dd'),
0,0, NULL);

INSERT INTO t_flight_leg
(FLIGHT_LEG_ID,FLIGHT_ID,LEG_NUMBER,ORIGIN,DESTINATION,DURATION,DEPARTURE_DAY_OFFSET,ARRIVAL_DAY_OFFSET,
VERSION,EST_TIME_DEPARTURE_ZULU,EST_TIME_ARRIVAL_ZULU,EST_TIME_DEPARTURE_LOCAL,EST_TIME_ARRIVAL_LOCAL,
EST_DEPARTURE_DAY_OFFSET,EST_ARRIVAL_DAY_OFFSET, ROUTE_ID)
VALUES
(19001,19001,1,'CMB','SHJ',2,0,0,
0,to_date('2009/01/01', 'yyyy/mm/dd'),to_date('2009/01/01', 'yyyy/mm/dd'),to_date('2009/01/01', 'yyyy/mm/dd'),to_date('2009/01/01', 'yyyy/mm/dd'),
0,0, NULL);

INSERT INTO t_flight_leg
(FLIGHT_LEG_ID,FLIGHT_ID,LEG_NUMBER,ORIGIN,DESTINATION,DURATION,DEPARTURE_DAY_OFFSET,ARRIVAL_DAY_OFFSET,
VERSION,EST_TIME_DEPARTURE_ZULU,EST_TIME_ARRIVAL_ZULU,EST_TIME_DEPARTURE_LOCAL,EST_TIME_ARRIVAL_LOCAL,
EST_DEPARTURE_DAY_OFFSET,EST_ARRIVAL_DAY_OFFSET, ROUTE_ID)
VALUES
(19002,19002,1,'SHJ','SSH',2,0,0,
0,to_date('2009/01/01', 'yyyy/mm/dd'),to_date('2009/01/01', 'yyyy/mm/dd'),to_date('2009/01/01', 'yyyy/mm/dd'),to_date('2009/01/01', 'yyyy/mm/dd'),
0,0, NULL);
INSERT INTO t_flight_leg
(FLIGHT_LEG_ID,FLIGHT_ID,LEG_NUMBER,ORIGIN,DESTINATION,DURATION,DEPARTURE_DAY_OFFSET,ARRIVAL_DAY_OFFSET,
VERSION,EST_TIME_DEPARTURE_ZULU,EST_TIME_ARRIVAL_ZULU,EST_TIME_DEPARTURE_LOCAL,EST_TIME_ARRIVAL_LOCAL,
EST_DEPARTURE_DAY_OFFSET,EST_ARRIVAL_DAY_OFFSET, ROUTE_ID)
VALUES
(19003,19002,2,'SSH','LXR',2,0,0,
0,to_date('2009/01/01', 'yyyy/mm/dd'),to_date('2009/01/01', 'yyyy/mm/dd'),to_date('2009/01/01', 'yyyy/mm/dd'),to_date('2009/01/01', 'yyyy/mm/dd'),
0,0, NULL);

INSERT INTO t_flight_leg
(FLIGHT_LEG_ID,FLIGHT_ID,LEG_NUMBER,ORIGIN,DESTINATION,DURATION,DEPARTURE_DAY_OFFSET,ARRIVAL_DAY_OFFSET,
VERSION,EST_TIME_DEPARTURE_ZULU,EST_TIME_ARRIVAL_ZULU,EST_TIME_DEPARTURE_LOCAL,EST_TIME_ARRIVAL_LOCAL,
EST_DEPARTURE_DAY_OFFSET,EST_ARRIVAL_DAY_OFFSET, ROUTE_ID)
VALUES
(19004,19003,1,'SHJ','SSH',2,0,0,
0,to_date('2009/01/02', 'yyyy/mm/dd'),to_date('2009/01/02', 'yyyy/mm/dd'),to_date('2009/01/02', 'yyyy/mm/dd'),to_date('2009/01/02', 'yyyy/mm/dd'),
0,0, NULL);
INSERT INTO t_flight_leg
(FLIGHT_LEG_ID,FLIGHT_ID,LEG_NUMBER,ORIGIN,DESTINATION,DURATION,DEPARTURE_DAY_OFFSET,ARRIVAL_DAY_OFFSET,
VERSION,EST_TIME_DEPARTURE_ZULU,EST_TIME_ARRIVAL_ZULU,EST_TIME_DEPARTURE_LOCAL,EST_TIME_ARRIVAL_LOCAL,
EST_DEPARTURE_DAY_OFFSET,EST_ARRIVAL_DAY_OFFSET, ROUTE_ID)
VALUES
(19005,19003,2,'SSH','LXR',2,0,0,
0,to_date('2009/01/02', 'yyyy/mm/dd'),to_date('2009/01/02', 'yyyy/mm/dd'),to_date('2009/01/02', 'yyyy/mm/dd'),to_date('2009/01/02', 'yyyy/mm/dd'),
0,0, NULL);

INSERT INTO t_flight_leg
(FLIGHT_LEG_ID,FLIGHT_ID,LEG_NUMBER,ORIGIN,DESTINATION,DURATION,DEPARTURE_DAY_OFFSET,ARRIVAL_DAY_OFFSET,
VERSION,EST_TIME_DEPARTURE_ZULU,EST_TIME_ARRIVAL_ZULU,EST_TIME_DEPARTURE_LOCAL,EST_TIME_ARRIVAL_LOCAL,
EST_DEPARTURE_DAY_OFFSET,EST_ARRIVAL_DAY_OFFSET, ROUTE_ID)
VALUES
(19006,19004,1,'SHJ','SSH',2,0,0,
0,to_date('2009/01/03', 'yyyy/mm/dd'),to_date('2009/01/03', 'yyyy/mm/dd'),to_date('2009/01/03', 'yyyy/mm/dd'),to_date('2009/01/03', 'yyyy/mm/dd'),
0,0, NULL);
INSERT INTO t_flight_leg
(FLIGHT_LEG_ID,FLIGHT_ID,LEG_NUMBER,ORIGIN,DESTINATION,DURATION,DEPARTURE_DAY_OFFSET,ARRIVAL_DAY_OFFSET,
VERSION,EST_TIME_DEPARTURE_ZULU,EST_TIME_ARRIVAL_ZULU,EST_TIME_DEPARTURE_LOCAL,EST_TIME_ARRIVAL_LOCAL,
EST_DEPARTURE_DAY_OFFSET,EST_ARRIVAL_DAY_OFFSET, ROUTE_ID)
VALUES
(19007,19004,2,'SSH','LXR',2,0,0,
0,to_date('2009/01/03', 'yyyy/mm/dd'),to_date('2009/01/03', 'yyyy/mm/dd'),to_date('2009/01/03', 'yyyy/mm/dd'),to_date('2009/01/03', 'yyyy/mm/dd'),
0,0, NULL);
INSERT INTO t_flight_leg
(FLIGHT_LEG_ID,FLIGHT_ID,LEG_NUMBER,ORIGIN,DESTINATION,DURATION,DEPARTURE_DAY_OFFSET,ARRIVAL_DAY_OFFSET,
VERSION,EST_TIME_DEPARTURE_ZULU,EST_TIME_ARRIVAL_ZULU,EST_TIME_DEPARTURE_LOCAL,EST_TIME_ARRIVAL_LOCAL,
EST_DEPARTURE_DAY_OFFSET,EST_ARRIVAL_DAY_OFFSET, ROUTE_ID)
VALUES
(19008,19005,1,'SSH','LXR',2,0,0,
0,to_date('2009/01/03', 'yyyy/mm/dd'),to_date('2009/01/03', 'yyyy/mm/dd'),to_date('2009/01/03', 'yyyy/mm/dd'),to_date('2009/01/03', 'yyyy/mm/dd'),
0,0, NULL);
INSERT INTO t_flight_leg
(FLIGHT_LEG_ID,FLIGHT_ID,LEG_NUMBER,ORIGIN,DESTINATION,DURATION,DEPARTURE_DAY_OFFSET,ARRIVAL_DAY_OFFSET,
VERSION,EST_TIME_DEPARTURE_ZULU,EST_TIME_ARRIVAL_ZULU,EST_TIME_DEPARTURE_LOCAL,EST_TIME_ARRIVAL_LOCAL,
EST_DEPARTURE_DAY_OFFSET,EST_ARRIVAL_DAY_OFFSET, ROUTE_ID)
VALUES
(19009,19005,2,'LXR','SHJ',2,0,0,
0,to_date('2009/01/03', 'yyyy/mm/dd'),to_date('2009/01/03', 'yyyy/mm/dd'),to_date('2009/01/03', 'yyyy/mm/dd'),to_date('2009/01/03', 'yyyy/mm/dd'),
0,0, NULL);

INSERT INTO t_flight_leg
(FLIGHT_LEG_ID,FLIGHT_ID,LEG_NUMBER,ORIGIN,DESTINATION,DURATION,DEPARTURE_DAY_OFFSET,ARRIVAL_DAY_OFFSET,
VERSION,EST_TIME_DEPARTURE_ZULU,EST_TIME_ARRIVAL_ZULU,EST_TIME_DEPARTURE_LOCAL,EST_TIME_ARRIVAL_LOCAL,
EST_DEPARTURE_DAY_OFFSET,EST_ARRIVAL_DAY_OFFSET, ROUTE_ID)
VALUES
(19010,19006,1,'SHJ','SSH',2,0,0,
0,to_date('2009/01/04', 'yyyy/mm/dd'),to_date('2009/01/04', 'yyyy/mm/dd'),to_date('2009/01/04', 'yyyy/mm/dd'),to_date('2009/01/04', 'yyyy/mm/dd'),
0,0, NULL);
INSERT INTO t_flight_leg
(FLIGHT_LEG_ID,FLIGHT_ID,LEG_NUMBER,ORIGIN,DESTINATION,DURATION,DEPARTURE_DAY_OFFSET,ARRIVAL_DAY_OFFSET,
VERSION,EST_TIME_DEPARTURE_ZULU,EST_TIME_ARRIVAL_ZULU,EST_TIME_DEPARTURE_LOCAL,EST_TIME_ARRIVAL_LOCAL,
EST_DEPARTURE_DAY_OFFSET,EST_ARRIVAL_DAY_OFFSET, ROUTE_ID)
VALUES
(19011,19006,2,'SSH','LXR',2,0,0,
0,to_date('2009/01/04', 'yyyy/mm/dd'),to_date('2009/01/04', 'yyyy/mm/dd'),to_date('2009/01/04', 'yyyy/mm/dd'),to_date('2009/01/04', 'yyyy/mm/dd'),
0,0, NULL);
INSERT INTO t_flight_leg
(FLIGHT_LEG_ID,FLIGHT_ID,LEG_NUMBER,ORIGIN,DESTINATION,DURATION,DEPARTURE_DAY_OFFSET,ARRIVAL_DAY_OFFSET,
VERSION,EST_TIME_DEPARTURE_ZULU,EST_TIME_ARRIVAL_ZULU,EST_TIME_DEPARTURE_LOCAL,EST_TIME_ARRIVAL_LOCAL,
EST_DEPARTURE_DAY_OFFSET,EST_ARRIVAL_DAY_OFFSET, ROUTE_ID)
VALUES
(19012,19007,1,'SSH','LXR',2,0,0,
0,to_date('2009/01/04', 'yyyy/mm/dd'),to_date('2009/01/04', 'yyyy/mm/dd'),to_date('2009/01/04', 'yyyy/mm/dd'),to_date('2009/01/04', 'yyyy/mm/dd'),
0,0, NULL);
INSERT INTO t_flight_leg
(FLIGHT_LEG_ID,FLIGHT_ID,LEG_NUMBER,ORIGIN,DESTINATION,DURATION,DEPARTURE_DAY_OFFSET,ARRIVAL_DAY_OFFSET,
VERSION,EST_TIME_DEPARTURE_ZULU,EST_TIME_ARRIVAL_ZULU,EST_TIME_DEPARTURE_LOCAL,EST_TIME_ARRIVAL_LOCAL,
EST_DEPARTURE_DAY_OFFSET,EST_ARRIVAL_DAY_OFFSET, ROUTE_ID)
VALUES
(19013,19007,2,'LXR','SHJ',2,0,0,
0,to_date('2009/01/04', 'yyyy/mm/dd'),to_date('2009/01/04', 'yyyy/mm/dd'),to_date('2009/01/04', 'yyyy/mm/dd'),to_date('2009/01/04', 'yyyy/mm/dd'),
0,0, NULL);

-- flight segments
INSERT INTO t_flight_segment
(FLT_SEG_ID,FLIGHT_ID,SEGMENT_CODE,SEGMENT_VALID_FLAG,SEGMENT_PRIORITY,VERSION,
STATUS,PNL_TIMESTAMP,ADL_TIMESTAMP,EST_TIME_DEPARTURE_LOCAL,EST_TIME_ARRIVAL_LOCAL,OVERLAP_FLT_SEG_ID)
VALUES
(19000,19000,'CMB/SHJ','Y',1,0,
'OPEN',NULL,NULL,to_date('2009/01/01', 'yyyy/mm/dd'),to_date('2009/01/01', 'yyyy/mm/dd'),NULL);

INSERT INTO t_flight_segment
(FLT_SEG_ID,FLIGHT_ID,SEGMENT_CODE,SEGMENT_VALID_FLAG,SEGMENT_PRIORITY,VERSION,
STATUS,PNL_TIMESTAMP,ADL_TIMESTAMP,EST_TIME_DEPARTURE_LOCAL,EST_TIME_ARRIVAL_LOCAL,OVERLAP_FLT_SEG_ID)
VALUES
(19001,19001,'CMB/SHJ','Y',1,0,
'OPEN',NULL,NULL,to_date('2009/01/02', 'yyyy/mm/dd'),to_date('2009/01/02', 'yyyy/mm/dd'),NULL);

INSERT INTO t_flight_segment
(FLT_SEG_ID,FLIGHT_ID,SEGMENT_CODE,SEGMENT_VALID_FLAG,SEGMENT_PRIORITY,VERSION,
STATUS,PNL_TIMESTAMP,ADL_TIMESTAMP,EST_TIME_DEPARTURE_LOCAL,EST_TIME_ARRIVAL_LOCAL,OVERLAP_FLT_SEG_ID)
VALUES
(19002,19002,'SHJ/SSH','Y',1,0,
'OPEN',NULL,NULL,to_date('2009/01/01', 'yyyy/mm/dd'),to_date('2009/01/01', 'yyyy/mm/dd'),NULL);
INSERT INTO t_flight_segment
(FLT_SEG_ID,FLIGHT_ID,SEGMENT_CODE,SEGMENT_VALID_FLAG,SEGMENT_PRIORITY,VERSION,
STATUS,PNL_TIMESTAMP,ADL_TIMESTAMP,EST_TIME_DEPARTURE_LOCAL,EST_TIME_ARRIVAL_LOCAL,OVERLAP_FLT_SEG_ID)
VALUES
(19003,19002,'SHJ/SSH/LXR','Y',1,0,
'OPEN',NULL,NULL,to_date('2009/01/01', 'yyyy/mm/dd'),to_date('2009/01/01', 'yyyy/mm/dd'),NULL);
INSERT INTO t_flight_segment
(FLT_SEG_ID,FLIGHT_ID,SEGMENT_CODE,SEGMENT_VALID_FLAG,SEGMENT_PRIORITY,VERSION,
STATUS,PNL_TIMESTAMP,ADL_TIMESTAMP,EST_TIME_DEPARTURE_LOCAL,EST_TIME_ARRIVAL_LOCAL,OVERLAP_FLT_SEG_ID)
VALUES
(19004,19002,'SSH/LXR','Y',1,0,
'OPEN',NULL,NULL,to_date('2009/01/01', 'yyyy/mm/dd'),to_date('2009/01/01', 'yyyy/mm/dd'),NULL);

INSERT INTO t_flight_segment
(FLT_SEG_ID,FLIGHT_ID,SEGMENT_CODE,SEGMENT_VALID_FLAG,SEGMENT_PRIORITY,VERSION,
STATUS,PNL_TIMESTAMP,ADL_TIMESTAMP,EST_TIME_DEPARTURE_LOCAL,EST_TIME_ARRIVAL_LOCAL,OVERLAP_FLT_SEG_ID)
VALUES
(19005,19003,'SHJ/SSH','Y',1,0,
'OPEN',NULL,NULL,to_date('2009/01/02', 'yyyy/mm/dd'),to_date('2009/01/02', 'yyyy/mm/dd'),NULL);
INSERT INTO t_flight_segment
(FLT_SEG_ID,FLIGHT_ID,SEGMENT_CODE,SEGMENT_VALID_FLAG,SEGMENT_PRIORITY,VERSION,
STATUS,PNL_TIMESTAMP,ADL_TIMESTAMP,EST_TIME_DEPARTURE_LOCAL,EST_TIME_ARRIVAL_LOCAL,OVERLAP_FLT_SEG_ID)
VALUES
(19006,19003,'SHJ/SSH/LXR','Y',1,0,
'OPEN',NULL,NULL,to_date('2009/01/02', 'yyyy/mm/dd'),to_date('2009/01/02', 'yyyy/mm/dd'),NULL);
INSERT INTO t_flight_segment
(FLT_SEG_ID,FLIGHT_ID,SEGMENT_CODE,SEGMENT_VALID_FLAG,SEGMENT_PRIORITY,VERSION,
STATUS,PNL_TIMESTAMP,ADL_TIMESTAMP,EST_TIME_DEPARTURE_LOCAL,EST_TIME_ARRIVAL_LOCAL,OVERLAP_FLT_SEG_ID)
VALUES
(19007,19003,'SSH/LXR','Y',1,0,
'OPEN',NULL,NULL,to_date('2009/01/02', 'yyyy/mm/dd'),to_date('2009/01/02', 'yyyy/mm/dd'),NULL);

INSERT INTO t_flight_segment
(FLT_SEG_ID,FLIGHT_ID,SEGMENT_CODE,SEGMENT_VALID_FLAG,SEGMENT_PRIORITY,VERSION,
STATUS,PNL_TIMESTAMP,ADL_TIMESTAMP,EST_TIME_DEPARTURE_LOCAL,EST_TIME_ARRIVAL_LOCAL,OVERLAP_FLT_SEG_ID)
VALUES
(19008,19004,'SHJ/SSH','Y',1,0,
'OPEN',NULL,NULL,to_date('2009/01/03', 'yyyy/mm/dd'),to_date('2009/01/03', 'yyyy/mm/dd'),NULL);
INSERT INTO t_flight_segment
(FLT_SEG_ID,FLIGHT_ID,SEGMENT_CODE,SEGMENT_VALID_FLAG,SEGMENT_PRIORITY,VERSION,
STATUS,PNL_TIMESTAMP,ADL_TIMESTAMP,EST_TIME_DEPARTURE_LOCAL,EST_TIME_ARRIVAL_LOCAL,OVERLAP_FLT_SEG_ID)
VALUES
(19009,19004,'SHJ/SSH/LXR','Y',1,0,
'OPEN',NULL,NULL,to_date('2009/01/03', 'yyyy/mm/dd'),to_date('2009/01/03', 'yyyy/mm/dd'),NULL);
INSERT INTO t_flight_segment
(FLT_SEG_ID,FLIGHT_ID,SEGMENT_CODE,SEGMENT_VALID_FLAG,SEGMENT_PRIORITY,VERSION,
STATUS,PNL_TIMESTAMP,ADL_TIMESTAMP,EST_TIME_DEPARTURE_LOCAL,EST_TIME_ARRIVAL_LOCAL,OVERLAP_FLT_SEG_ID)
VALUES
(19010,19004,'SSH/LXR','Y',1,0,
'OPEN',NULL,NULL,to_date('2009/01/03', 'yyyy/mm/dd'),to_date('2009/01/03', 'yyyy/mm/dd'),NULL);

INSERT INTO t_flight_segment
(FLT_SEG_ID,FLIGHT_ID,SEGMENT_CODE,SEGMENT_VALID_FLAG,SEGMENT_PRIORITY,VERSION,
STATUS,PNL_TIMESTAMP,ADL_TIMESTAMP,EST_TIME_DEPARTURE_LOCAL,EST_TIME_ARRIVAL_LOCAL,OVERLAP_FLT_SEG_ID)
VALUES
(19011,19005,'SSH/LXR','Y',1,0,
'OPEN',NULL,NULL,to_date('2009/01/03', 'yyyy/mm/dd'),to_date('2009/01/03', 'yyyy/mm/dd'),NULL);
INSERT INTO t_flight_segment
(FLT_SEG_ID,FLIGHT_ID,SEGMENT_CODE,SEGMENT_VALID_FLAG,SEGMENT_PRIORITY,VERSION,
STATUS,PNL_TIMESTAMP,ADL_TIMESTAMP,EST_TIME_DEPARTURE_LOCAL,EST_TIME_ARRIVAL_LOCAL,OVERLAP_FLT_SEG_ID)
VALUES
(19012,19005,'SSH/LXR/SHJ','Y',1,0,
'OPEN',NULL,NULL,to_date('2009/01/03', 'yyyy/mm/dd'),to_date('2009/01/03', 'yyyy/mm/dd'),NULL);
INSERT INTO t_flight_segment
(FLT_SEG_ID,FLIGHT_ID,SEGMENT_CODE,SEGMENT_VALID_FLAG,SEGMENT_PRIORITY,VERSION,
STATUS,PNL_TIMESTAMP,ADL_TIMESTAMP,EST_TIME_DEPARTURE_LOCAL,EST_TIME_ARRIVAL_LOCAL,OVERLAP_FLT_SEG_ID)
VALUES
(19013,19005,'LXR/SHJ','Y',1,0,
'OPEN',NULL,NULL,to_date('2009/01/03', 'yyyy/mm/dd'),to_date('2009/01/03', 'yyyy/mm/dd'),NULL);

INSERT INTO t_flight_segment
(FLT_SEG_ID,FLIGHT_ID,SEGMENT_CODE,SEGMENT_VALID_FLAG,SEGMENT_PRIORITY,VERSION,
STATUS,PNL_TIMESTAMP,ADL_TIMESTAMP,EST_TIME_DEPARTURE_LOCAL,EST_TIME_ARRIVAL_LOCAL,OVERLAP_FLT_SEG_ID)
VALUES
(19014,19006,'SHJ/SSH','Y',1,0,
'OPEN',NULL,NULL,to_date('2009/01/04', 'yyyy/mm/dd'),to_date('2009/01/04', 'yyyy/mm/dd'),NULL);
INSERT INTO t_flight_segment
(FLT_SEG_ID,FLIGHT_ID,SEGMENT_CODE,SEGMENT_VALID_FLAG,SEGMENT_PRIORITY,VERSION,
STATUS,PNL_TIMESTAMP,ADL_TIMESTAMP,EST_TIME_DEPARTURE_LOCAL,EST_TIME_ARRIVAL_LOCAL,OVERLAP_FLT_SEG_ID)
VALUES
(19015,19006,'SHJ/SSH/LXR','Y',1,0,
'OPEN',NULL,NULL,to_date('2009/01/04', 'yyyy/mm/dd'),to_date('2009/01/04', 'yyyy/mm/dd'),NULL);
INSERT INTO t_flight_segment
(FLT_SEG_ID,FLIGHT_ID,SEGMENT_CODE,SEGMENT_VALID_FLAG,SEGMENT_PRIORITY,VERSION,
STATUS,PNL_TIMESTAMP,ADL_TIMESTAMP,EST_TIME_DEPARTURE_LOCAL,EST_TIME_ARRIVAL_LOCAL,OVERLAP_FLT_SEG_ID)
VALUES
(19016,19006,'SSH/LXR','Y',1,0,
'OPEN',NULL,NULL,to_date('2009/01/04', 'yyyy/mm/dd'),to_date('2009/01/04', 'yyyy/mm/dd'),NULL);

INSERT INTO t_flight_segment
(FLT_SEG_ID,FLIGHT_ID,SEGMENT_CODE,SEGMENT_VALID_FLAG,SEGMENT_PRIORITY,VERSION,
STATUS,PNL_TIMESTAMP,ADL_TIMESTAMP,EST_TIME_DEPARTURE_LOCAL,EST_TIME_ARRIVAL_LOCAL,OVERLAP_FLT_SEG_ID)
VALUES
(19017,19007,'SSH/LXR','Y',1,0,
'OPEN',NULL,NULL,to_date('2009/01/04', 'yyyy/mm/dd'),to_date('2009/01/04', 'yyyy/mm/dd'),NULL);
INSERT INTO t_flight_segment
(FLT_SEG_ID,FLIGHT_ID,SEGMENT_CODE,SEGMENT_VALID_FLAG,SEGMENT_PRIORITY,VERSION,
STATUS,PNL_TIMESTAMP,ADL_TIMESTAMP,EST_TIME_DEPARTURE_LOCAL,EST_TIME_ARRIVAL_LOCAL,OVERLAP_FLT_SEG_ID)
VALUES
(19018,19007,'SSH/LXR/SHJ','Y',1,0,
'OPEN',NULL,NULL,to_date('2009/01/04', 'yyyy/mm/dd'),to_date('2009/01/04', 'yyyy/mm/dd'),NULL);
INSERT INTO t_flight_segment
(FLT_SEG_ID,FLIGHT_ID,SEGMENT_CODE,SEGMENT_VALID_FLAG,SEGMENT_PRIORITY,VERSION,
STATUS,PNL_TIMESTAMP,ADL_TIMESTAMP,EST_TIME_DEPARTURE_LOCAL,EST_TIME_ARRIVAL_LOCAL,OVERLAP_FLT_SEG_ID)
VALUES
(19019,19007,'LXR/SHJ','Y',1,0,
'OPEN',NULL,NULL,to_date('2009/01/04', 'yyyy/mm/dd'),to_date('2009/01/04', 'yyyy/mm/dd'),NULL);


-- booking classes
INSERT INTO t_booking_class
(BOOKING_CODE,BOOKING_CODE_DESCRIPTION,CABIN_CLASS_CODE,STANDARD_CODE,NEST_RANK,REMARKS,STATUS,
CREATED_BY,CREATED_DATE,MODIFIED_BY,MODIFIED_DATE,VERSION,FIXED_FLAG,PAX_TYPE)
VALUES
('IAS','a standard booking code','I','Y',900,NULL,'ACT',
NULL,NULL,NULL,NULL,0,'N','ADULT');
INSERT INTO t_booking_class
(BOOKING_CODE,BOOKING_CODE_DESCRIPTION,CABIN_CLASS_CODE,STANDARD_CODE,NEST_RANK,REMARKS,STATUS,
CREATED_BY,CREATED_DATE,MODIFIED_BY,MODIFIED_DATE,VERSION,FIXED_FLAG,PAX_TYPE)
VALUES
('YAS','a standard booking code','Y','Y',900,NULL,'ACT',
NULL,NULL,NULL,NULL,0,'N','ADULT');
INSERT INTO t_booking_class
(BOOKING_CODE,BOOKING_CODE_DESCRIPTION,CABIN_CLASS_CODE,STANDARD_CODE,NEST_RANK,REMARKS,STATUS,
CREATED_BY,CREATED_DATE,MODIFIED_BY,MODIFIED_DATE,VERSION,FIXED_FLAG,PAX_TYPE)
VALUES
('JAS','a standard booking code','J','Y',900,NULL,'ACT',
NULL,NULL,NULL,NULL,0,'N','ADULT');

INSERT INTO t_booking_class
(BOOKING_CODE,BOOKING_CODE_DESCRIPTION,CABIN_CLASS_CODE,STANDARD_CODE,NEST_RANK,REMARKS,STATUS,
CREATED_BY,CREATED_DATE,MODIFIED_BY,MODIFIED_DATE,VERSION,FIXED_FLAG,PAX_TYPE)
VALUES
('IBS','a standard booking code','I','Y',901,NULL,'ACT',
NULL,NULL,NULL,NULL,0,'N','ADULT');
INSERT INTO t_booking_class
(BOOKING_CODE,BOOKING_CODE_DESCRIPTION,CABIN_CLASS_CODE,STANDARD_CODE,NEST_RANK,REMARKS,STATUS,
CREATED_BY,CREATED_DATE,MODIFIED_BY,MODIFIED_DATE,VERSION,FIXED_FLAG,PAX_TYPE)
VALUES
('YBS','a standard booking code','Y','Y',901,NULL,'ACT',
NULL,NULL,NULL,NULL,0,'N','ADULT');
INSERT INTO t_booking_class
(BOOKING_CODE,BOOKING_CODE_DESCRIPTION,CABIN_CLASS_CODE,STANDARD_CODE,NEST_RANK,REMARKS,STATUS,
CREATED_BY,CREATED_DATE,MODIFIED_BY,MODIFIED_DATE,VERSION,FIXED_FLAG,PAX_TYPE)
VALUES
('JBS','a standard booking code','J','Y',901,NULL,'ACT',
NULL,NULL,NULL,NULL,0,'N','ADULT');

INSERT INTO t_booking_class
(BOOKING_CODE,BOOKING_CODE_DESCRIPTION,CABIN_CLASS_CODE,STANDARD_CODE,NEST_RANK,REMARKS,STATUS,
CREATED_BY,CREATED_DATE,MODIFIED_BY,MODIFIED_DATE,VERSION,FIXED_FLAG,PAX_TYPE)
VALUES
('IAN','a non standard booking code','I','N',NULL,NULL,'ACT',
NULL,NULL,NULL,NULL,0,'N','ADULT');
INSERT INTO t_booking_class
(BOOKING_CODE,BOOKING_CODE_DESCRIPTION,CABIN_CLASS_CODE,STANDARD_CODE,NEST_RANK,REMARKS,STATUS,
CREATED_BY,CREATED_DATE,MODIFIED_BY,MODIFIED_DATE,VERSION,FIXED_FLAG,PAX_TYPE)
VALUES
('YAN','a non standard booking code','Y','N',NULL,NULL,'ACT',
NULL,NULL,NULL,NULL,0,'N','ADULT');
INSERT INTO t_booking_class
(BOOKING_CODE,BOOKING_CODE_DESCRIPTION,CABIN_CLASS_CODE,STANDARD_CODE,NEST_RANK,REMARKS,STATUS,
CREATED_BY,CREATED_DATE,MODIFIED_BY,MODIFIED_DATE,VERSION,FIXED_FLAG,PAX_TYPE)
VALUES
('JAN','a non standard booking code','J','N',NULL,NULL,'ACT',
NULL,NULL,NULL,NULL,0,'N','ADULT');

INSERT INTO t_booking_class
(BOOKING_CODE,BOOKING_CODE_DESCRIPTION,CABIN_CLASS_CODE,STANDARD_CODE,NEST_RANK,REMARKS,STATUS,
CREATED_BY,CREATED_DATE,MODIFIED_BY,MODIFIED_DATE,VERSION,FIXED_FLAG,PAX_TYPE)
VALUES
('IAF','a fixed booking code','I','N',NULL,NULL,'ACT',
NULL,NULL,NULL,NULL,0,'Y','ADULT');
INSERT INTO t_booking_class
(BOOKING_CODE,BOOKING_CODE_DESCRIPTION,CABIN_CLASS_CODE,STANDARD_CODE,NEST_RANK,REMARKS,STATUS,
CREATED_BY,CREATED_DATE,MODIFIED_BY,MODIFIED_DATE,VERSION,FIXED_FLAG,PAX_TYPE)
VALUES
('YAF','a fixed booking code','Y','N',NULL,NULL,'ACT',
NULL,NULL,NULL,NULL,0,'Y','ADULT');
INSERT INTO t_booking_class
(BOOKING_CODE,BOOKING_CODE_DESCRIPTION,CABIN_CLASS_CODE,STANDARD_CODE,NEST_RANK,REMARKS,STATUS,
CREATED_BY,CREATED_DATE,MODIFIED_BY,MODIFIED_DATE,VERSION,FIXED_FLAG,PAX_TYPE)
VALUES
('JAF','a fixed booking code','J','N',NULL,NULL,'ACT',
NULL,NULL,NULL,NULL,0,'Y','ADULT');


-- flight cabinclass inventories
INSERT INTO t_fcc_alloc
(FCCA_ID,FLIGHT_ID,CABIN_CLASS_CODE,ACTUAL_CAPACITY,INFANT_CAPACITY,VERSION)
VALUES
(19000,19004,'I',150,10,0);



-- flight cabinclass segment inventories
INSERT INTO t_fcc_seg_alloc
(FCCSA_ID,FCCA_ID,FLIGHT_ID,CABIN_CLASS_CODE,SEGMENT_CODE,ALLOCATED_SEATS,OVERSELL_SEATS,CURTAILED_SEATS,INFANT_ALLOCATION,
SOLD_SEATS,SOLD_INFANT_SEATS,ON_HOLD_SEATS,ONHOLD_INFANT_SEATS,FIXED_SEATS, 
AVAILABLE_SEATS, VALID_FLAG, AVAILABLE_INFANT_SEATS,  VERSION)
VALUES
(19000,19000,19004,'I','SHJ/SSH',150,0,0,10,
10,5,0,0,0,
40,'Y', 5, 0);
INSERT INTO t_fcc_seg_alloc
(FCCSA_ID,FCCA_ID,FLIGHT_ID,CABIN_CLASS_CODE,SEGMENT_CODE,ALLOCATED_SEATS,OVERSELL_SEATS,CURTAILED_SEATS,INFANT_ALLOCATION,
SOLD_SEATS,SOLD_INFANT_SEATS,ON_HOLD_SEATS,ONHOLD_INFANT_SEATS,FIXED_SEATS, 
AVAILABLE_SEATS, VALID_FLAG, AVAILABLE_INFANT_SEATS,  VERSION)
VALUES
(19001,19000,19004,'I','SHJ/SSH/LXR',150,0,0,10,
100,0,0,0,0,
25,'Y', 0, 0);
INSERT INTO t_fcc_seg_alloc
(FCCSA_ID,FCCA_ID,FLIGHT_ID,CABIN_CLASS_CODE,SEGMENT_CODE,ALLOCATED_SEATS,OVERSELL_SEATS,CURTAILED_SEATS,INFANT_ALLOCATION,
SOLD_SEATS,SOLD_INFANT_SEATS,ON_HOLD_SEATS,ONHOLD_INFANT_SEATS,FIXED_SEATS, 
AVAILABLE_SEATS, VALID_FLAG, AVAILABLE_INFANT_SEATS,  VERSION)
VALUES
(19002,19000,19004,'I','SSH/LXR',150,0,0,10,
15,5,0,0,0,
35,'Y', 0, 0);

--NOTE :
--		Test data for mulitple segment, multiple cabin class with overlapping flight
--		need to be prepared (flight 19005 and 19006)

-- intercepting flight segments
INSERT INTO T_INTERCEPTING_FCC_SEG_ALLOC
(IFCCSA_ID, SOURCE_FCCSA_ID, INTETERCEPTING_FCCSA_ID)
VALUES
(19000, 19000, 19001);
INSERT INTO T_INTERCEPTING_FCC_SEG_ALLOC
(IFCCSA_ID, SOURCE_FCCSA_ID, INTETERCEPTING_FCCSA_ID)
VALUES
(19001, 19001, 19000);
INSERT INTO T_INTERCEPTING_FCC_SEG_ALLOC
(IFCCSA_ID, SOURCE_FCCSA_ID, INTETERCEPTING_FCCSA_ID)
VALUES
(19002, 19001, 19002);
INSERT INTO T_INTERCEPTING_FCC_SEG_ALLOC
(IFCCSA_ID, SOURCE_FCCSA_ID, INTETERCEPTING_FCCSA_ID)
VALUES
(19003, 19002, 19001);


-- fcc segmet bookingclass inventories
INSERT INTO t_fcc_seg_bc_alloc
(FCCSBA_ID,FCCSA_ID,BOOKING_CODE,FLIGHT_ID,CABIN_CLASS_CODE, SEGMENT_CODE,
ALLOCATED_SEATS,SOLD_SEATS,ONHOLD_SEATS,CANCELLED_SEATS,ACQUIRED_SEATS,
AVAILABLE_SEATS,PRIORITY_FLAG,STATUS,MANUALLY_CLOSED_FLAG, VERSION)
VALUES
(19000,19000,'IAS',19004,'I','SHJ/SSH',
200,10,0,0,0,
190,'Y','OPN','N',0);

INSERT INTO t_fcc_seg_bc_alloc
(FCCSBA_ID,FCCSA_ID,BOOKING_CODE,FLIGHT_ID,CABIN_CLASS_CODE, SEGMENT_CODE,
ALLOCATED_SEATS,SOLD_SEATS,ONHOLD_SEATS,CANCELLED_SEATS,ACQUIRED_SEATS,
AVAILABLE_SEATS,PRIORITY_FLAG,STATUS,MANUALLY_CLOSED_FLAG, VERSION)
VALUES
(19001,19001,'IAS',19004,'I','SHJ/SSH/LXR',
200,100,0,0,0,
100,'Y','OPN','N',0);

INSERT INTO t_fcc_seg_bc_alloc
(FCCSBA_ID,FCCSA_ID,BOOKING_CODE,FLIGHT_ID,CABIN_CLASS_CODE, SEGMENT_CODE,
ALLOCATED_SEATS,SOLD_SEATS,ONHOLD_SEATS,CANCELLED_SEATS,ACQUIRED_SEATS,
AVAILABLE_SEATS,PRIORITY_FLAG,STATUS,MANUALLY_CLOSED_FLAG, VERSION)
VALUES
(19002,19002,'IAS',19004,'I','SSH/LXR',
200,185,0,0,0,
15,'Y','OPN','N',0);


-- +===================================================================+
-- | DATA SET FOR TESTING UPDATE FLIGHT CABINCLASS SEGMENT INVENTORY   |
-- +===================================================================+

-- flight
INSERT INTO t_flight
(FLIGHT_ID,SCHEDULE_ID,FLIGHT_NUMBER,DEPARTURE_DATE,DAY_NUMBER,OPERATION_TYPE_ID,
ORIGIN,DESTINATION,AVAILABLE_SEAT_KILOMETERS,OVERLAP_FLIGHT_INSTANCE_ID,TAIL_NUMBER,MODEL_NUMBER,STATUS,
CREATED_BY,CREATED_DATE,MODIFIED_BY,MODIFIED_DATE,VERSION,MANUALLY_CHANGED)
VALUES
(19050,NULL,'G9INV1',to_date('2009/02/01', 'yyyy/mm/dd'),6,2,
'CMB','SHJ',1,NULL,NULL,'A320XINV1','ACT',
NULL,to_date('2006/10/04', 'yyyy/mm/dd'),NULL,NULL,0,'N');

INSERT INTO t_flight
(FLIGHT_ID,SCHEDULE_ID,FLIGHT_NUMBER,DEPARTURE_DATE,DAY_NUMBER,OPERATION_TYPE_ID,
ORIGIN,DESTINATION,AVAILABLE_SEAT_KILOMETERS,OVERLAP_FLIGHT_INSTANCE_ID,TAIL_NUMBER,MODEL_NUMBER,STATUS,
CREATED_BY,CREATED_DATE,MODIFIED_BY,MODIFIED_DATE,VERSION,MANUALLY_CHANGED)
VALUES
(19051,NULL,'G9INV2',to_date('2009/02/02', 'yyyy/mm/dd'),0,2,
'CMB','SHJ',1,NULL,NULL,'A320XINV1','ACT',
NULL,to_date('2006/10/04', 'yyyy/mm/dd'),NULL,NULL,0,'N');

INSERT INTO t_flight
(FLIGHT_ID,SCHEDULE_ID,FLIGHT_NUMBER,DEPARTURE_DATE,DAY_NUMBER,OPERATION_TYPE_ID,
ORIGIN,DESTINATION,AVAILABLE_SEAT_KILOMETERS,OVERLAP_FLIGHT_INSTANCE_ID,TAIL_NUMBER,MODEL_NUMBER,STATUS,
CREATED_BY,CREATED_DATE,MODIFIED_BY,MODIFIED_DATE,VERSION,MANUALLY_CHANGED)
VALUES
(19052,NULL,'G9INV3',to_date('2009/02/01', 'yyyy/mm/dd'),6,2,
'SHJ','LXR',1,NULL,NULL,'A320XINV1','ACT',
NULL,to_date('2006/10/04', 'yyyy/mm/dd'),NULL,NULL,0,'N');

INSERT INTO t_flight
(FLIGHT_ID,SCHEDULE_ID,FLIGHT_NUMBER,DEPARTURE_DATE,DAY_NUMBER,OPERATION_TYPE_ID,
ORIGIN,DESTINATION,AVAILABLE_SEAT_KILOMETERS,OVERLAP_FLIGHT_INSTANCE_ID,TAIL_NUMBER,MODEL_NUMBER,STATUS,
CREATED_BY,CREATED_DATE,MODIFIED_BY,MODIFIED_DATE,VERSION,MANUALLY_CHANGED)
VALUES
(19053,NULL,'G9INV4',to_date('2009/02/02', 'yyyy/mm/dd'),0,2,
'SHJ','LXR',1,NULL,NULL,'A320XINV2','ACT',
NULL,to_date('2006/10/04', 'yyyy/mm/dd'),NULL,NULL,0,'N');

INSERT INTO t_flight
(FLIGHT_ID,SCHEDULE_ID,FLIGHT_NUMBER,DEPARTURE_DATE,DAY_NUMBER,OPERATION_TYPE_ID,
ORIGIN,DESTINATION,AVAILABLE_SEAT_KILOMETERS,OVERLAP_FLIGHT_INSTANCE_ID,TAIL_NUMBER,MODEL_NUMBER,STATUS,
CREATED_BY,CREATED_DATE,MODIFIED_BY,MODIFIED_DATE,VERSION,MANUALLY_CHANGED)
VALUES
(19054,NULL,'G9INV5',to_date('2009/02/03', 'yyyy/mm/dd'),1,2,
'SHJ','LXR',1,NULL,NULL,'A320XINV1','ACT',
NULL,to_date('2006/10/04', 'yyyy/mm/dd'),NULL,NULL,0,'N');

INSERT INTO t_flight
(FLIGHT_ID,SCHEDULE_ID,FLIGHT_NUMBER,DEPARTURE_DATE,DAY_NUMBER,OPERATION_TYPE_ID,
ORIGIN,DESTINATION,AVAILABLE_SEAT_KILOMETERS,OVERLAP_FLIGHT_INSTANCE_ID,TAIL_NUMBER,MODEL_NUMBER,STATUS,
CREATED_BY,CREATED_DATE,MODIFIED_BY,MODIFIED_DATE,VERSION,MANUALLY_CHANGED)
VALUES
(19055,NULL,'G9INV6',to_date('2009/02/03', 'yyyy/mm/dd'),1,2,
'SSH','SHJ',1,19054,NULL,'A320XINV1','ACT',
NULL,to_date('2006/10/04', 'yyyy/mm/dd'),NULL,NULL,0,'N');

UPDATE t_flight SET OVERLAP_FLIGHT_INSTANCE_ID=19055 WHERE FLIGHT_ID=19054;

INSERT INTO t_flight
(FLIGHT_ID,SCHEDULE_ID,FLIGHT_NUMBER,DEPARTURE_DATE,DAY_NUMBER,OPERATION_TYPE_ID,
ORIGIN,DESTINATION,AVAILABLE_SEAT_KILOMETERS,OVERLAP_FLIGHT_INSTANCE_ID,TAIL_NUMBER,MODEL_NUMBER,STATUS,
CREATED_BY,CREATED_DATE,MODIFIED_BY,MODIFIED_DATE,VERSION,MANUALLY_CHANGED)
VALUES
(19056,NULL,'G9INV6',to_date('2009/02/04', 'yyyy/mm/dd'),2,2,
'SHJ','LXR',1,NULL,NULL,'A320XINV2','ACT',
NULL,to_date('2006/10/04', 'yyyy/mm/dd'),NULL,NULL,0,'N');

INSERT INTO t_flight
(FLIGHT_ID,SCHEDULE_ID,FLIGHT_NUMBER,DEPARTURE_DATE,DAY_NUMBER,OPERATION_TYPE_ID,
ORIGIN,DESTINATION,AVAILABLE_SEAT_KILOMETERS,OVERLAP_FLIGHT_INSTANCE_ID,TAIL_NUMBER,MODEL_NUMBER,STATUS,
CREATED_BY,CREATED_DATE,MODIFIED_BY,MODIFIED_DATE,VERSION,MANUALLY_CHANGED)
VALUES
(19057,NULL,'G9INV7',to_date('2009/01/04', 'yyyy/mm/dd'),2,2,
'SSH','SHJ',1,19056,NULL,'A320XINV2','ACT',
NULL,to_date('2006/10/04', 'yyyy/mm/dd'),NULL,NULL,0,'N');

UPDATE t_flight SET OVERLAP_FLIGHT_INSTANCE_ID=19057 WHERE FLIGHT_ID=19056;

INSERT INTO t_flight
(FLIGHT_ID,SCHEDULE_ID,FLIGHT_NUMBER,DEPARTURE_DATE,DAY_NUMBER,OPERATION_TYPE_ID,
ORIGIN,DESTINATION,AVAILABLE_SEAT_KILOMETERS,OVERLAP_FLIGHT_INSTANCE_ID,TAIL_NUMBER,MODEL_NUMBER,STATUS,
CREATED_BY,CREATED_DATE,MODIFIED_BY,MODIFIED_DATE,VERSION,MANUALLY_CHANGED)
VALUES
(19058,NULL,'G9INV2',to_date('2009/02/03', 'yyyy/mm/dd'),1,2,
'CMB','SHJ',1,NULL,NULL,'A320XINV1','ACT',
NULL,to_date('2006/10/04', 'yyyy/mm/dd'),NULL,NULL,0,'N');

INSERT INTO t_flight
(FLIGHT_ID,SCHEDULE_ID,FLIGHT_NUMBER,DEPARTURE_DATE,DAY_NUMBER,OPERATION_TYPE_ID,
ORIGIN,DESTINATION,AVAILABLE_SEAT_KILOMETERS,OVERLAP_FLIGHT_INSTANCE_ID,TAIL_NUMBER,MODEL_NUMBER,STATUS,
CREATED_BY,CREATED_DATE,MODIFIED_BY,MODIFIED_DATE,VERSION,MANUALLY_CHANGED)
VALUES
(19059,NULL,'G9INV2',to_date('2009/02/04', 'yyyy/mm/dd'),2,2,
'CMB','SHJ',1,NULL,NULL,'A320XINV1','ACT',
NULL,to_date('2006/10/04', 'yyyy/mm/dd'),NULL,NULL,0,'N');

-- flight legs
INSERT INTO t_flight_leg
(FLIGHT_LEG_ID,FLIGHT_ID,LEG_NUMBER,ORIGIN,DESTINATION,DURATION,DEPARTURE_DAY_OFFSET,ARRIVAL_DAY_OFFSET,
VERSION,EST_TIME_DEPARTURE_ZULU,EST_TIME_ARRIVAL_ZULU,EST_TIME_DEPARTURE_LOCAL,EST_TIME_ARRIVAL_LOCAL,
EST_DEPARTURE_DAY_OFFSET,EST_ARRIVAL_DAY_OFFSET, ROUTE_ID)
VALUES
(19050,19050,1,'CMB','SHJ',2,0,0,
0,to_date('2009/02/01', 'yyyy/mm/dd'),to_date('2009/02/01', 'yyyy/mm/dd'),to_date('2009/02/01', 'yyyy/mm/dd'),to_date('2009/02/01', 'yyyy/mm/dd'),
0,0, NULL);

INSERT INTO t_flight_leg
(FLIGHT_LEG_ID,FLIGHT_ID,LEG_NUMBER,ORIGIN,DESTINATION,DURATION,DEPARTURE_DAY_OFFSET,ARRIVAL_DAY_OFFSET,
VERSION,EST_TIME_DEPARTURE_ZULU,EST_TIME_ARRIVAL_ZULU,EST_TIME_DEPARTURE_LOCAL,EST_TIME_ARRIVAL_LOCAL,
EST_DEPARTURE_DAY_OFFSET,EST_ARRIVAL_DAY_OFFSET, ROUTE_ID)
VALUES
(19051,19051,1,'CMB','SHJ',2,0,0,
0,to_date('2009/02/01', 'yyyy/mm/dd'),to_date('2009/02/01', 'yyyy/mm/dd'),to_date('2009/02/01', 'yyyy/mm/dd'),to_date('2009/02/01', 'yyyy/mm/dd'),
0,0, NULL);

INSERT INTO t_flight_leg
(FLIGHT_LEG_ID,FLIGHT_ID,LEG_NUMBER,ORIGIN,DESTINATION,DURATION,DEPARTURE_DAY_OFFSET,ARRIVAL_DAY_OFFSET,
VERSION,EST_TIME_DEPARTURE_ZULU,EST_TIME_ARRIVAL_ZULU,EST_TIME_DEPARTURE_LOCAL,EST_TIME_ARRIVAL_LOCAL,
EST_DEPARTURE_DAY_OFFSET,EST_ARRIVAL_DAY_OFFSET, ROUTE_ID)
VALUES
(19052,19052,1,'SHJ','SSH',2,0,0,
0,to_date('2009/02/01', 'yyyy/mm/dd'),to_date('2009/02/01', 'yyyy/mm/dd'),to_date('2009/02/01', 'yyyy/mm/dd'),to_date('2009/02/01', 'yyyy/mm/dd'),
0,0, NULL);
INSERT INTO t_flight_leg
(FLIGHT_LEG_ID,FLIGHT_ID,LEG_NUMBER,ORIGIN,DESTINATION,DURATION,DEPARTURE_DAY_OFFSET,ARRIVAL_DAY_OFFSET,
VERSION,EST_TIME_DEPARTURE_ZULU,EST_TIME_ARRIVAL_ZULU,EST_TIME_DEPARTURE_LOCAL,EST_TIME_ARRIVAL_LOCAL,
EST_DEPARTURE_DAY_OFFSET,EST_ARRIVAL_DAY_OFFSET, ROUTE_ID)
VALUES
(19053,19052,2,'SSH','LXR',2,0,0,
0,to_date('2009/02/01', 'yyyy/mm/dd'),to_date('2009/02/01', 'yyyy/mm/dd'),to_date('2009/02/01', 'yyyy/mm/dd'),to_date('2009/02/01', 'yyyy/mm/dd'),
0,0, NULL);

INSERT INTO t_flight_leg
(FLIGHT_LEG_ID,FLIGHT_ID,LEG_NUMBER,ORIGIN,DESTINATION,DURATION,DEPARTURE_DAY_OFFSET,ARRIVAL_DAY_OFFSET,
VERSION,EST_TIME_DEPARTURE_ZULU,EST_TIME_ARRIVAL_ZULU,EST_TIME_DEPARTURE_LOCAL,EST_TIME_ARRIVAL_LOCAL,
EST_DEPARTURE_DAY_OFFSET,EST_ARRIVAL_DAY_OFFSET, ROUTE_ID)
VALUES
(19054,19053,1,'SHJ','SSH',2,0,0,
0,to_date('2009/02/02', 'yyyy/mm/dd'),to_date('2009/02/02', 'yyyy/mm/dd'),to_date('2009/02/02', 'yyyy/mm/dd'),to_date('2009/02/02', 'yyyy/mm/dd'),
0,0, NULL);
INSERT INTO t_flight_leg
(FLIGHT_LEG_ID,FLIGHT_ID,LEG_NUMBER,ORIGIN,DESTINATION,DURATION,DEPARTURE_DAY_OFFSET,ARRIVAL_DAY_OFFSET,
VERSION,EST_TIME_DEPARTURE_ZULU,EST_TIME_ARRIVAL_ZULU,EST_TIME_DEPARTURE_LOCAL,EST_TIME_ARRIVAL_LOCAL,
EST_DEPARTURE_DAY_OFFSET,EST_ARRIVAL_DAY_OFFSET, ROUTE_ID)
VALUES
(19055,19053,2,'SSH','LXR',2,0,0,
0,to_date('2009/02/02', 'yyyy/mm/dd'),to_date('2009/02/02', 'yyyy/mm/dd'),to_date('2009/02/02', 'yyyy/mm/dd'),to_date('2009/02/02', 'yyyy/mm/dd'),
0,0, NULL);

INSERT INTO t_flight_leg
(FLIGHT_LEG_ID,FLIGHT_ID,LEG_NUMBER,ORIGIN,DESTINATION,DURATION,DEPARTURE_DAY_OFFSET,ARRIVAL_DAY_OFFSET,
VERSION,EST_TIME_DEPARTURE_ZULU,EST_TIME_ARRIVAL_ZULU,EST_TIME_DEPARTURE_LOCAL,EST_TIME_ARRIVAL_LOCAL,
EST_DEPARTURE_DAY_OFFSET,EST_ARRIVAL_DAY_OFFSET, ROUTE_ID)
VALUES
(19056,19054,1,'SHJ','SSH',2,0,0,
0,to_date('2009/02/03', 'yyyy/mm/dd'),to_date('2009/02/03', 'yyyy/mm/dd'),to_date('2009/02/03', 'yyyy/mm/dd'),to_date('2009/02/03', 'yyyy/mm/dd'),
0,0, NULL);
INSERT INTO t_flight_leg
(FLIGHT_LEG_ID,FLIGHT_ID,LEG_NUMBER,ORIGIN,DESTINATION,DURATION,DEPARTURE_DAY_OFFSET,ARRIVAL_DAY_OFFSET,
VERSION,EST_TIME_DEPARTURE_ZULU,EST_TIME_ARRIVAL_ZULU,EST_TIME_DEPARTURE_LOCAL,EST_TIME_ARRIVAL_LOCAL,
EST_DEPARTURE_DAY_OFFSET,EST_ARRIVAL_DAY_OFFSET, ROUTE_ID)
VALUES
(19057,19054,2,'SSH','LXR',2,0,0,
0,to_date('2009/02/03', 'yyyy/mm/dd'),to_date('2009/02/03', 'yyyy/mm/dd'),to_date('2009/02/03', 'yyyy/mm/dd'),to_date('2009/02/03', 'yyyy/mm/dd'),
0,0, NULL);
INSERT INTO t_flight_leg
(FLIGHT_LEG_ID,FLIGHT_ID,LEG_NUMBER,ORIGIN,DESTINATION,DURATION,DEPARTURE_DAY_OFFSET,ARRIVAL_DAY_OFFSET,
VERSION,EST_TIME_DEPARTURE_ZULU,EST_TIME_ARRIVAL_ZULU,EST_TIME_DEPARTURE_LOCAL,EST_TIME_ARRIVAL_LOCAL,
EST_DEPARTURE_DAY_OFFSET,EST_ARRIVAL_DAY_OFFSET, ROUTE_ID)
VALUES
(19058,19055,1,'SSH','LXR',2,0,0,
0,to_date('2009/02/03', 'yyyy/mm/dd'),to_date('2009/02/03', 'yyyy/mm/dd'),to_date('2009/02/03', 'yyyy/mm/dd'),to_date('2009/02/03', 'yyyy/mm/dd'),
0,0, NULL);
INSERT INTO t_flight_leg
(FLIGHT_LEG_ID,FLIGHT_ID,LEG_NUMBER,ORIGIN,DESTINATION,DURATION,DEPARTURE_DAY_OFFSET,ARRIVAL_DAY_OFFSET,
VERSION,EST_TIME_DEPARTURE_ZULU,EST_TIME_ARRIVAL_ZULU,EST_TIME_DEPARTURE_LOCAL,EST_TIME_ARRIVAL_LOCAL,
EST_DEPARTURE_DAY_OFFSET,EST_ARRIVAL_DAY_OFFSET, ROUTE_ID)
VALUES
(19059,19055,2,'LXR','SHJ',2,0,0,
0,to_date('2009/02/03', 'yyyy/mm/dd'),to_date('2009/02/03', 'yyyy/mm/dd'),to_date('2009/02/03', 'yyyy/mm/dd'),to_date('2009/02/03', 'yyyy/mm/dd'),
0,0, NULL);

INSERT INTO t_flight_leg
(FLIGHT_LEG_ID,FLIGHT_ID,LEG_NUMBER,ORIGIN,DESTINATION,DURATION,DEPARTURE_DAY_OFFSET,ARRIVAL_DAY_OFFSET,
VERSION,EST_TIME_DEPARTURE_ZULU,EST_TIME_ARRIVAL_ZULU,EST_TIME_DEPARTURE_LOCAL,EST_TIME_ARRIVAL_LOCAL,
EST_DEPARTURE_DAY_OFFSET,EST_ARRIVAL_DAY_OFFSET, ROUTE_ID)
VALUES
(19060,19056,1,'SHJ','SSH',2,0,0,
0,to_date('2009/02/04', 'yyyy/mm/dd'),to_date('2009/02/04', 'yyyy/mm/dd'),to_date('2009/02/04', 'yyyy/mm/dd'),to_date('2009/02/04', 'yyyy/mm/dd'),
0,0, NULL);
INSERT INTO t_flight_leg
(FLIGHT_LEG_ID,FLIGHT_ID,LEG_NUMBER,ORIGIN,DESTINATION,DURATION,DEPARTURE_DAY_OFFSET,ARRIVAL_DAY_OFFSET,
VERSION,EST_TIME_DEPARTURE_ZULU,EST_TIME_ARRIVAL_ZULU,EST_TIME_DEPARTURE_LOCAL,EST_TIME_ARRIVAL_LOCAL,
EST_DEPARTURE_DAY_OFFSET,EST_ARRIVAL_DAY_OFFSET, ROUTE_ID)
VALUES
(19061,19056,2,'SSH','LXR',2,0,0,
0,to_date('2009/02/04', 'yyyy/mm/dd'),to_date('2009/02/04', 'yyyy/mm/dd'),to_date('2009/02/04', 'yyyy/mm/dd'),to_date('2009/02/04', 'yyyy/mm/dd'),
0,0, NULL);
INSERT INTO t_flight_leg
(FLIGHT_LEG_ID,FLIGHT_ID,LEG_NUMBER,ORIGIN,DESTINATION,DURATION,DEPARTURE_DAY_OFFSET,ARRIVAL_DAY_OFFSET,
VERSION,EST_TIME_DEPARTURE_ZULU,EST_TIME_ARRIVAL_ZULU,EST_TIME_DEPARTURE_LOCAL,EST_TIME_ARRIVAL_LOCAL,
EST_DEPARTURE_DAY_OFFSET,EST_ARRIVAL_DAY_OFFSET, ROUTE_ID)
VALUES
(19062,19057,1,'SSH','LXR',2,0,0,
0,to_date('2009/02/04', 'yyyy/mm/dd'),to_date('2009/02/04', 'yyyy/mm/dd'),to_date('2009/02/04', 'yyyy/mm/dd'),to_date('2009/02/04', 'yyyy/mm/dd'),
0,0, NULL);
INSERT INTO t_flight_leg
(FLIGHT_LEG_ID,FLIGHT_ID,LEG_NUMBER,ORIGIN,DESTINATION,DURATION,DEPARTURE_DAY_OFFSET,ARRIVAL_DAY_OFFSET,
VERSION,EST_TIME_DEPARTURE_ZULU,EST_TIME_ARRIVAL_ZULU,EST_TIME_DEPARTURE_LOCAL,EST_TIME_ARRIVAL_LOCAL,
EST_DEPARTURE_DAY_OFFSET,EST_ARRIVAL_DAY_OFFSET, ROUTE_ID)
VALUES
(19063,19057,2,'LXR','SHJ',2,0,0,
0,to_date('2009/02/04', 'yyyy/mm/dd'),to_date('2009/02/04', 'yyyy/mm/dd'),to_date('2009/02/04', 'yyyy/mm/dd'),to_date('2009/02/04', 'yyyy/mm/dd'),
0,0, NULL);

INSERT INTO t_flight_leg
(FLIGHT_LEG_ID,FLIGHT_ID,LEG_NUMBER,ORIGIN,DESTINATION,DURATION,DEPARTURE_DAY_OFFSET,ARRIVAL_DAY_OFFSET,
VERSION,EST_TIME_DEPARTURE_ZULU,EST_TIME_ARRIVAL_ZULU,EST_TIME_DEPARTURE_LOCAL,EST_TIME_ARRIVAL_LOCAL,
EST_DEPARTURE_DAY_OFFSET,EST_ARRIVAL_DAY_OFFSET, ROUTE_ID)
VALUES
(19064,19058,2,'CMB','SHJ',1,0,0,
0,to_date('2009/02/03', 'yyyy/mm/dd'),to_date('2009/02/03', 'yyyy/mm/dd'),to_date('2009/02/03', 'yyyy/mm/dd'),to_date('2009/02/03', 'yyyy/mm/dd'),
0,0, NULL);

INSERT INTO t_flight_leg
(FLIGHT_LEG_ID,FLIGHT_ID,LEG_NUMBER,ORIGIN,DESTINATION,DURATION,DEPARTURE_DAY_OFFSET,ARRIVAL_DAY_OFFSET,
VERSION,EST_TIME_DEPARTURE_ZULU,EST_TIME_ARRIVAL_ZULU,EST_TIME_DEPARTURE_LOCAL,EST_TIME_ARRIVAL_LOCAL,
EST_DEPARTURE_DAY_OFFSET,EST_ARRIVAL_DAY_OFFSET, ROUTE_ID)
VALUES
(19065,19059,2,'CMB','SHJ',1,0,0,
0,to_date('2009/02/04', 'yyyy/mm/dd'),to_date('2009/02/04', 'yyyy/mm/dd'),to_date('2009/02/04', 'yyyy/mm/dd'),to_date('2009/02/04', 'yyyy/mm/dd'),
0,0, NULL);

-- flight segments
INSERT INTO t_flight_segment
(FLT_SEG_ID,FLIGHT_ID,SEGMENT_CODE,SEGMENT_VALID_FLAG,SEGMENT_PRIORITY,VERSION,
STATUS,PNL_TIMESTAMP,ADL_TIMESTAMP,EST_TIME_DEPARTURE_LOCAL,EST_TIME_ARRIVAL_LOCAL,OVERLAP_FLT_SEG_ID)
VALUES
(19050,19050,'CMB/SHJ','Y',1,0,
'OPEN',NULL,NULL,to_date('2009/02/01', 'yyyy/mm/dd'),to_date('2009/02/01', 'yyyy/mm/dd'),NULL);

INSERT INTO t_flight_segment
(FLT_SEG_ID,FLIGHT_ID,SEGMENT_CODE,SEGMENT_VALID_FLAG,SEGMENT_PRIORITY,VERSION,
STATUS,PNL_TIMESTAMP,ADL_TIMESTAMP,EST_TIME_DEPARTURE_LOCAL,EST_TIME_ARRIVAL_LOCAL,OVERLAP_FLT_SEG_ID)
VALUES
(19051,19051,'CMB/SHJ','Y',1,0,
'OPEN',NULL,NULL,to_date('2009/02/02', 'yyyy/mm/dd'),to_date('2009/02/02', 'yyyy/mm/dd'),NULL);

INSERT INTO t_flight_segment
(FLT_SEG_ID,FLIGHT_ID,SEGMENT_CODE,SEGMENT_VALID_FLAG,SEGMENT_PRIORITY,VERSION,
STATUS,PNL_TIMESTAMP,ADL_TIMESTAMP,EST_TIME_DEPARTURE_LOCAL,EST_TIME_ARRIVAL_LOCAL,OVERLAP_FLT_SEG_ID)
VALUES
(19052,19052,'SHJ/SSH','Y',1,0,
'OPEN',NULL,NULL,to_date('2009/02/01', 'yyyy/mm/dd'),to_date('2009/02/01', 'yyyy/mm/dd'),NULL);
INSERT INTO t_flight_segment
(FLT_SEG_ID,FLIGHT_ID,SEGMENT_CODE,SEGMENT_VALID_FLAG,SEGMENT_PRIORITY,VERSION,
STATUS,PNL_TIMESTAMP,ADL_TIMESTAMP,EST_TIME_DEPARTURE_LOCAL,EST_TIME_ARRIVAL_LOCAL,OVERLAP_FLT_SEG_ID)
VALUES
(19053,19052,'SHJ/SSH/LXR','Y',1,0,
'OPEN',NULL,NULL,to_date('2009/02/01', 'yyyy/mm/dd'),to_date('2009/02/01', 'yyyy/mm/dd'),NULL);
INSERT INTO t_flight_segment
(FLT_SEG_ID,FLIGHT_ID,SEGMENT_CODE,SEGMENT_VALID_FLAG,SEGMENT_PRIORITY,VERSION,
STATUS,PNL_TIMESTAMP,ADL_TIMESTAMP,EST_TIME_DEPARTURE_LOCAL,EST_TIME_ARRIVAL_LOCAL,OVERLAP_FLT_SEG_ID)
VALUES
(19054,19052,'SSH/LXR','Y',1,0,
'OPEN',NULL,NULL,to_date('2009/02/01', 'yyyy/mm/dd'),to_date('2009/02/01', 'yyyy/mm/dd'),NULL);

INSERT INTO t_flight_segment
(FLT_SEG_ID,FLIGHT_ID,SEGMENT_CODE,SEGMENT_VALID_FLAG,SEGMENT_PRIORITY,VERSION,
STATUS,PNL_TIMESTAMP,ADL_TIMESTAMP,EST_TIME_DEPARTURE_LOCAL,EST_TIME_ARRIVAL_LOCAL,OVERLAP_FLT_SEG_ID)
VALUES
(19055,19053,'SHJ/SSH','Y',1,0,
'OPEN',NULL,NULL,to_date('2009/02/02', 'yyyy/mm/dd'),to_date('2009/02/02', 'yyyy/mm/dd'),NULL);
INSERT INTO t_flight_segment
(FLT_SEG_ID,FLIGHT_ID,SEGMENT_CODE,SEGMENT_VALID_FLAG,SEGMENT_PRIORITY,VERSION,
STATUS,PNL_TIMESTAMP,ADL_TIMESTAMP,EST_TIME_DEPARTURE_LOCAL,EST_TIME_ARRIVAL_LOCAL,OVERLAP_FLT_SEG_ID)
VALUES
(19056,19053,'SHJ/SSH/LXR','Y',1,0,
'OPEN',NULL,NULL,to_date('2009/02/02', 'yyyy/mm/dd'),to_date('2009/02/02', 'yyyy/mm/dd'),NULL);
INSERT INTO t_flight_segment
(FLT_SEG_ID,FLIGHT_ID,SEGMENT_CODE,SEGMENT_VALID_FLAG,SEGMENT_PRIORITY,VERSION,
STATUS,PNL_TIMESTAMP,ADL_TIMESTAMP,EST_TIME_DEPARTURE_LOCAL,EST_TIME_ARRIVAL_LOCAL,OVERLAP_FLT_SEG_ID)
VALUES
(19057,19053,'SSH/LXR','Y',1,0,
'OPEN',NULL,NULL,to_date('2009/02/02', 'yyyy/mm/dd'),to_date('2009/02/02', 'yyyy/mm/dd'),NULL);

INSERT INTO t_flight_segment
(FLT_SEG_ID,FLIGHT_ID,SEGMENT_CODE,SEGMENT_VALID_FLAG,SEGMENT_PRIORITY,VERSION,
STATUS,PNL_TIMESTAMP,ADL_TIMESTAMP,EST_TIME_DEPARTURE_LOCAL,EST_TIME_ARRIVAL_LOCAL,OVERLAP_FLT_SEG_ID)
VALUES
(19058,19054,'SHJ/SSH','Y',1,0,
'OPEN',NULL,NULL,to_date('2009/02/03', 'yyyy/mm/dd'),to_date('2009/02/03', 'yyyy/mm/dd'),NULL);
INSERT INTO t_flight_segment
(FLT_SEG_ID,FLIGHT_ID,SEGMENT_CODE,SEGMENT_VALID_FLAG,SEGMENT_PRIORITY,VERSION,
STATUS,PNL_TIMESTAMP,ADL_TIMESTAMP,EST_TIME_DEPARTURE_LOCAL,EST_TIME_ARRIVAL_LOCAL,OVERLAP_FLT_SEG_ID)
VALUES
(19059,19054,'SHJ/SSH/LXR','Y',1,0,
'OPEN',NULL,NULL,to_date('2009/02/03', 'yyyy/mm/dd'),to_date('2009/02/03', 'yyyy/mm/dd'),NULL);
INSERT INTO t_flight_segment
(FLT_SEG_ID,FLIGHT_ID,SEGMENT_CODE,SEGMENT_VALID_FLAG,SEGMENT_PRIORITY,VERSION,
STATUS,PNL_TIMESTAMP,ADL_TIMESTAMP,EST_TIME_DEPARTURE_LOCAL,EST_TIME_ARRIVAL_LOCAL,OVERLAP_FLT_SEG_ID)
VALUES
(19060,19054,'SSH/LXR','Y',1,0,
'OPEN',NULL,NULL,to_date('2009/02/03', 'yyyy/mm/dd'),to_date('2009/02/03', 'yyyy/mm/dd'),NULL);

INSERT INTO t_flight_segment
(FLT_SEG_ID,FLIGHT_ID,SEGMENT_CODE,SEGMENT_VALID_FLAG,SEGMENT_PRIORITY,VERSION,
STATUS,PNL_TIMESTAMP,ADL_TIMESTAMP,EST_TIME_DEPARTURE_LOCAL,EST_TIME_ARRIVAL_LOCAL,OVERLAP_FLT_SEG_ID)
VALUES
(19061,19055,'SSH/LXR','Y',1,0,
'OPEN',NULL,NULL,to_date('2009/02/03', 'yyyy/mm/dd'),to_date('2009/02/03', 'yyyy/mm/dd'),NULL);
INSERT INTO t_flight_segment
(FLT_SEG_ID,FLIGHT_ID,SEGMENT_CODE,SEGMENT_VALID_FLAG,SEGMENT_PRIORITY,VERSION,
STATUS,PNL_TIMESTAMP,ADL_TIMESTAMP,EST_TIME_DEPARTURE_LOCAL,EST_TIME_ARRIVAL_LOCAL,OVERLAP_FLT_SEG_ID)
VALUES
(19062,19055,'SSH/LXR/SHJ','Y',1,0,
'OPEN',NULL,NULL,to_date('2009/02/03', 'yyyy/mm/dd'),to_date('2009/02/03', 'yyyy/mm/dd'),NULL);
INSERT INTO t_flight_segment
(FLT_SEG_ID,FLIGHT_ID,SEGMENT_CODE,SEGMENT_VALID_FLAG,SEGMENT_PRIORITY,VERSION,
STATUS,PNL_TIMESTAMP,ADL_TIMESTAMP,EST_TIME_DEPARTURE_LOCAL,EST_TIME_ARRIVAL_LOCAL,OVERLAP_FLT_SEG_ID)
VALUES
(19063,19055,'LXR/SHJ','Y',1,0,
'OPEN',NULL,NULL,to_date('2009/02/03', 'yyyy/mm/dd'),to_date('2009/02/03', 'yyyy/mm/dd'),NULL);

INSERT INTO t_flight_segment
(FLT_SEG_ID,FLIGHT_ID,SEGMENT_CODE,SEGMENT_VALID_FLAG,SEGMENT_PRIORITY,VERSION,
STATUS,PNL_TIMESTAMP,ADL_TIMESTAMP,EST_TIME_DEPARTURE_LOCAL,EST_TIME_ARRIVAL_LOCAL,OVERLAP_FLT_SEG_ID)
VALUES
(19064,19056,'SHJ/SSH','Y',1,0,
'OPEN',NULL,NULL,to_date('2009/02/04', 'yyyy/mm/dd'),to_date('2009/02/04', 'yyyy/mm/dd'),NULL);
INSERT INTO t_flight_segment
(FLT_SEG_ID,FLIGHT_ID,SEGMENT_CODE,SEGMENT_VALID_FLAG,SEGMENT_PRIORITY,VERSION,
STATUS,PNL_TIMESTAMP,ADL_TIMESTAMP,EST_TIME_DEPARTURE_LOCAL,EST_TIME_ARRIVAL_LOCAL,OVERLAP_FLT_SEG_ID)
VALUES
(19065,19056,'SHJ/SSH/LXR','Y',1,0,
'OPEN',NULL,NULL,to_date('2009/02/04', 'yyyy/mm/dd'),to_date('2009/02/04', 'yyyy/mm/dd'),NULL);
INSERT INTO t_flight_segment
(FLT_SEG_ID,FLIGHT_ID,SEGMENT_CODE,SEGMENT_VALID_FLAG,SEGMENT_PRIORITY,VERSION,
STATUS,PNL_TIMESTAMP,ADL_TIMESTAMP,EST_TIME_DEPARTURE_LOCAL,EST_TIME_ARRIVAL_LOCAL,OVERLAP_FLT_SEG_ID)
VALUES
(19066,19056,'SSH/LXR','Y',1,0,
'OPEN',NULL,NULL,to_date('2009/02/04', 'yyyy/mm/dd'),to_date('2009/02/04', 'yyyy/mm/dd'),NULL);

INSERT INTO t_flight_segment
(FLT_SEG_ID,FLIGHT_ID,SEGMENT_CODE,SEGMENT_VALID_FLAG,SEGMENT_PRIORITY,VERSION,
STATUS,PNL_TIMESTAMP,ADL_TIMESTAMP,EST_TIME_DEPARTURE_LOCAL,EST_TIME_ARRIVAL_LOCAL,OVERLAP_FLT_SEG_ID)
VALUES
(19067,19057,'SSH/LXR','Y',1,0,
'OPEN',NULL,NULL,to_date('2009/02/04', 'yyyy/mm/dd'),to_date('2009/02/04', 'yyyy/mm/dd'),NULL);
INSERT INTO t_flight_segment
(FLT_SEG_ID,FLIGHT_ID,SEGMENT_CODE,SEGMENT_VALID_FLAG,SEGMENT_PRIORITY,VERSION,
STATUS,PNL_TIMESTAMP,ADL_TIMESTAMP,EST_TIME_DEPARTURE_LOCAL,EST_TIME_ARRIVAL_LOCAL,OVERLAP_FLT_SEG_ID)
VALUES
(19068,19057,'SSH/LXR/SHJ','Y',1,0,
'OPEN',NULL,NULL,to_date('2009/02/04', 'yyyy/mm/dd'),to_date('2009/02/04', 'yyyy/mm/dd'),NULL);
INSERT INTO t_flight_segment
(FLT_SEG_ID,FLIGHT_ID,SEGMENT_CODE,SEGMENT_VALID_FLAG,SEGMENT_PRIORITY,VERSION,
STATUS,PNL_TIMESTAMP,ADL_TIMESTAMP,EST_TIME_DEPARTURE_LOCAL,EST_TIME_ARRIVAL_LOCAL,OVERLAP_FLT_SEG_ID)
VALUES
(19069,19057,'LXR/SHJ','Y',1,0,
'OPEN',NULL,NULL,to_date('2009/02/04', 'yyyy/mm/dd'),to_date('2009/02/04', 'yyyy/mm/dd'),NULL);

INSERT INTO t_flight_segment
(FLT_SEG_ID,FLIGHT_ID,SEGMENT_CODE,SEGMENT_VALID_FLAG,SEGMENT_PRIORITY,VERSION,
STATUS,PNL_TIMESTAMP,ADL_TIMESTAMP,EST_TIME_DEPARTURE_LOCAL,EST_TIME_ARRIVAL_LOCAL,OVERLAP_FLT_SEG_ID)
VALUES
(19070,19058,'CMB/SHJ','Y',1,0,
'OPEN',NULL,NULL,to_date('2009/02/03', 'yyyy/mm/dd'),to_date('2009/02/03', 'yyyy/mm/dd'),NULL);

INSERT INTO t_flight_segment
(FLT_SEG_ID,FLIGHT_ID,SEGMENT_CODE,SEGMENT_VALID_FLAG,SEGMENT_PRIORITY,VERSION,
STATUS,PNL_TIMESTAMP,ADL_TIMESTAMP,EST_TIME_DEPARTURE_LOCAL,EST_TIME_ARRIVAL_LOCAL,OVERLAP_FLT_SEG_ID)
VALUES
(19071,19059,'CMB/SHJ','Y',1,0,
'OPEN',NULL,NULL,to_date('2009/02/04', 'yyyy/mm/dd'),to_date('2009/02/04', 'yyyy/mm/dd'),NULL);

-- booking classes
INSERT INTO t_booking_class
(BOOKING_CODE,BOOKING_CODE_DESCRIPTION,CABIN_CLASS_CODE,STANDARD_CODE,NEST_RANK,REMARKS,STATUS,
CREATED_BY,CREATED_DATE,MODIFIED_BY,MODIFIED_DATE,VERSION,FIXED_FLAG,PAX_TYPE)
VALUES
('IES','a standard booking code','I','Y',904,NULL,'ACT',
NULL,NULL,NULL,NULL,0,'N','ADULT');
INSERT INTO t_booking_class
(BOOKING_CODE,BOOKING_CODE_DESCRIPTION,CABIN_CLASS_CODE,STANDARD_CODE,NEST_RANK,REMARKS,STATUS,
CREATED_BY,CREATED_DATE,MODIFIED_BY,MODIFIED_DATE,VERSION,FIXED_FLAG,PAX_TYPE)
VALUES
('YES','a standard booking code','Y','Y',904,NULL,'ACT',
NULL,NULL,NULL,NULL,0,'N','ADULT');
INSERT INTO t_booking_class
(BOOKING_CODE,BOOKING_CODE_DESCRIPTION,CABIN_CLASS_CODE,STANDARD_CODE,NEST_RANK,REMARKS,STATUS,
CREATED_BY,CREATED_DATE,MODIFIED_BY,MODIFIED_DATE,VERSION,FIXED_FLAG,PAX_TYPE)
VALUES
('JES','a standard booking code','J','Y',904,NULL,'ACT',
NULL,NULL,NULL,NULL,0,'N','ADULT');

INSERT INTO t_booking_class
(BOOKING_CODE,BOOKING_CODE_DESCRIPTION,CABIN_CLASS_CODE,STANDARD_CODE,NEST_RANK,REMARKS,STATUS,
CREATED_BY,CREATED_DATE,MODIFIED_BY,MODIFIED_DATE,VERSION,FIXED_FLAG,PAX_TYPE)
VALUES
('IFS','a standard booking code','I','Y',905,NULL,'ACT',
NULL,NULL,NULL,NULL,0,'N','ADULT');
INSERT INTO t_booking_class
(BOOKING_CODE,BOOKING_CODE_DESCRIPTION,CABIN_CLASS_CODE,STANDARD_CODE,NEST_RANK,REMARKS,STATUS,
CREATED_BY,CREATED_DATE,MODIFIED_BY,MODIFIED_DATE,VERSION,FIXED_FLAG,PAX_TYPE)
VALUES
('YFS','a standard booking code','Y','Y',905,NULL,'ACT',
NULL,NULL,NULL,NULL,0,'N','ADULT');
INSERT INTO t_booking_class
(BOOKING_CODE,BOOKING_CODE_DESCRIPTION,CABIN_CLASS_CODE,STANDARD_CODE,NEST_RANK,REMARKS,STATUS,
CREATED_BY,CREATED_DATE,MODIFIED_BY,MODIFIED_DATE,VERSION,FIXED_FLAG,PAX_TYPE)
VALUES
('JFS','a standard booking code','J','Y',905,NULL,'ACT',
NULL,NULL,NULL,NULL,0,'N','ADULT');

INSERT INTO t_booking_class
(BOOKING_CODE,BOOKING_CODE_DESCRIPTION,CABIN_CLASS_CODE,STANDARD_CODE,NEST_RANK,REMARKS,STATUS,
CREATED_BY,CREATED_DATE,MODIFIED_BY,MODIFIED_DATE,VERSION,FIXED_FLAG,PAX_TYPE)
VALUES
('IGS','a standard booking code','I','Y',906,NULL,'ACT',
NULL,NULL,NULL,NULL,0,'N','ADULT');
INSERT INTO t_booking_class
(BOOKING_CODE,BOOKING_CODE_DESCRIPTION,CABIN_CLASS_CODE,STANDARD_CODE,NEST_RANK,REMARKS,STATUS,
CREATED_BY,CREATED_DATE,MODIFIED_BY,MODIFIED_DATE,VERSION,FIXED_FLAG,PAX_TYPE)
VALUES
('YGS','a standard booking code','Y','Y',906,NULL,'ACT',
NULL,NULL,NULL,NULL,0,'N','ADULT');
INSERT INTO t_booking_class
(BOOKING_CODE,BOOKING_CODE_DESCRIPTION,CABIN_CLASS_CODE,STANDARD_CODE,NEST_RANK,REMARKS,STATUS,
CREATED_BY,CREATED_DATE,MODIFIED_BY,MODIFIED_DATE,VERSION,FIXED_FLAG,PAX_TYPE)
VALUES
('JGS','a standard booking code','J','Y',906,NULL,'ACT',
NULL,NULL,NULL,NULL,0,'N','ADULT');

INSERT INTO t_booking_class
(BOOKING_CODE,BOOKING_CODE_DESCRIPTION,CABIN_CLASS_CODE,STANDARD_CODE,NEST_RANK,REMARKS,STATUS,
CREATED_BY,CREATED_DATE,MODIFIED_BY,MODIFIED_DATE,VERSION,FIXED_FLAG,PAX_TYPE)
VALUES
('IEN','a non standard booking code','I','N',NULL,NULL,'ACT',
NULL,NULL,NULL,NULL,0,'N','ADULT');
INSERT INTO t_booking_class
(BOOKING_CODE,BOOKING_CODE_DESCRIPTION,CABIN_CLASS_CODE,STANDARD_CODE,NEST_RANK,REMARKS,STATUS,
CREATED_BY,CREATED_DATE,MODIFIED_BY,MODIFIED_DATE,VERSION,FIXED_FLAG,PAX_TYPE)
VALUES
('YEN','a non standard booking code','Y','N',NULL,NULL,'ACT',
NULL,NULL,NULL,NULL,0,'N','ADULT');
INSERT INTO t_booking_class
(BOOKING_CODE,BOOKING_CODE_DESCRIPTION,CABIN_CLASS_CODE,STANDARD_CODE,NEST_RANK,REMARKS,STATUS,
CREATED_BY,CREATED_DATE,MODIFIED_BY,MODIFIED_DATE,VERSION,FIXED_FLAG,PAX_TYPE)
VALUES
('JEN','a non standard booking code','J','N',NULL,NULL,'ACT',
NULL,NULL,NULL,NULL,0,'N','ADULT');

INSERT INTO t_booking_class
(BOOKING_CODE,BOOKING_CODE_DESCRIPTION,CABIN_CLASS_CODE,STANDARD_CODE,NEST_RANK,REMARKS,STATUS,
CREATED_BY,CREATED_DATE,MODIFIED_BY,MODIFIED_DATE,VERSION,FIXED_FLAG,PAX_TYPE)
VALUES
('IFN','a non standard booking code','I','N',NULL,NULL,'ACT',
NULL,NULL,NULL,NULL,0,'N','ADULT');
INSERT INTO t_booking_class
(BOOKING_CODE,BOOKING_CODE_DESCRIPTION,CABIN_CLASS_CODE,STANDARD_CODE,NEST_RANK,REMARKS,STATUS,
CREATED_BY,CREATED_DATE,MODIFIED_BY,MODIFIED_DATE,VERSION,FIXED_FLAG,PAX_TYPE)
VALUES
('YFN','a non standard booking code','Y','N',NULL,NULL,'ACT',
NULL,NULL,NULL,NULL,0,'N','ADULT');
INSERT INTO t_booking_class
(BOOKING_CODE,BOOKING_CODE_DESCRIPTION,CABIN_CLASS_CODE,STANDARD_CODE,NEST_RANK,REMARKS,STATUS,
CREATED_BY,CREATED_DATE,MODIFIED_BY,MODIFIED_DATE,VERSION,FIXED_FLAG,PAX_TYPE)
VALUES
('JFN','a non standard booking code','J','N',NULL,NULL,'ACT',
NULL,NULL,NULL,NULL,0,'N','ADULT');

INSERT INTO t_booking_class
(BOOKING_CODE,BOOKING_CODE_DESCRIPTION,CABIN_CLASS_CODE,STANDARD_CODE,NEST_RANK,REMARKS,STATUS,
CREATED_BY,CREATED_DATE,MODIFIED_BY,MODIFIED_DATE,VERSION,FIXED_FLAG,PAX_TYPE)
VALUES
('IEF','a fixed booking code','I','N',NULL,NULL,'ACT',
NULL,NULL,NULL,NULL,0,'Y','ADULT');
INSERT INTO t_booking_class
(BOOKING_CODE,BOOKING_CODE_DESCRIPTION,CABIN_CLASS_CODE,STANDARD_CODE,NEST_RANK,REMARKS,STATUS,
CREATED_BY,CREATED_DATE,MODIFIED_BY,MODIFIED_DATE,VERSION,FIXED_FLAG,PAX_TYPE)
VALUES
('YEF','a fixed booking code','Y','N',NULL,NULL,'ACT',
NULL,NULL,NULL,NULL,0,'Y','ADULT');
INSERT INTO t_booking_class
(BOOKING_CODE,BOOKING_CODE_DESCRIPTION,CABIN_CLASS_CODE,STANDARD_CODE,NEST_RANK,REMARKS,STATUS,
CREATED_BY,CREATED_DATE,MODIFIED_BY,MODIFIED_DATE,VERSION,FIXED_FLAG,PAX_TYPE)
VALUES
('JEF','a fixed booking code','J','N',NULL,NULL,'ACT',
NULL,NULL,NULL,NULL,0,'Y','ADULT');

INSERT INTO t_booking_class
(BOOKING_CODE,BOOKING_CODE_DESCRIPTION,CABIN_CLASS_CODE,STANDARD_CODE,NEST_RANK,REMARKS,STATUS,
CREATED_BY,CREATED_DATE,MODIFIED_BY,MODIFIED_DATE,VERSION,FIXED_FLAG,PAX_TYPE)
VALUES
('IFF','a fixed booking code','I','N',NULL,NULL,'ACT',
NULL,NULL,NULL,NULL,0,'Y','ADULT');
INSERT INTO t_booking_class
(BOOKING_CODE,BOOKING_CODE_DESCRIPTION,CABIN_CLASS_CODE,STANDARD_CODE,NEST_RANK,REMARKS,STATUS,
CREATED_BY,CREATED_DATE,MODIFIED_BY,MODIFIED_DATE,VERSION,FIXED_FLAG,PAX_TYPE)
VALUES
('YFF','a fixed booking code','Y','N',NULL,NULL,'ACT',
NULL,NULL,NULL,NULL,0,'Y','ADULT');
INSERT INTO t_booking_class
(BOOKING_CODE,BOOKING_CODE_DESCRIPTION,CABIN_CLASS_CODE,STANDARD_CODE,NEST_RANK,REMARKS,STATUS,
CREATED_BY,CREATED_DATE,MODIFIED_BY,MODIFIED_DATE,VERSION,FIXED_FLAG,PAX_TYPE)
VALUES
('JFF','a fixed booking code','J','N',NULL,NULL,'ACT',
NULL,NULL,NULL,NULL,0,'Y','ADULT');


-- flight cabinclass inventories
INSERT INTO t_fcc_alloc
(FCCA_ID,FLIGHT_ID,CABIN_CLASS_CODE,ACTUAL_CAPACITY,INFANT_CAPACITY,VERSION)
VALUES
(19050,19050,'I',150,10,0);

INSERT INTO t_fcc_alloc
(FCCA_ID,FLIGHT_ID,CABIN_CLASS_CODE,ACTUAL_CAPACITY,INFANT_CAPACITY,VERSION)
VALUES
(19051,19051,'I',150,10,0);

INSERT INTO t_fcc_alloc
(FCCA_ID,FLIGHT_ID,CABIN_CLASS_CODE,ACTUAL_CAPACITY,INFANT_CAPACITY,VERSION)
VALUES
(19052,19052,'I',150,10,0);

INSERT INTO t_fcc_alloc
(FCCA_ID,FLIGHT_ID,CABIN_CLASS_CODE,ACTUAL_CAPACITY,INFANT_CAPACITY,VERSION)
VALUES
(19053,19058,'I',150,10,0);

INSERT INTO t_fcc_alloc
(FCCA_ID,FLIGHT_ID,CABIN_CLASS_CODE,ACTUAL_CAPACITY,INFANT_CAPACITY,VERSION)
VALUES
(19054,19059,'I',150,10,0);

-- flight cabinclass segment inventories
INSERT INTO t_fcc_seg_alloc
(FCCSA_ID,FCCA_ID,FLIGHT_ID,CABIN_CLASS_CODE,SEGMENT_CODE,ALLOCATED_SEATS,OVERSELL_SEATS,CURTAILED_SEATS,INFANT_ALLOCATION,
SOLD_SEATS,SOLD_INFANT_SEATS,ON_HOLD_SEATS,ONHOLD_INFANT_SEATS,FIXED_SEATS, 
AVAILABLE_SEATS, VALID_FLAG, AVAILABLE_INFANT_SEATS,  VERSION)
VALUES
(19050,19050,19050,'I','CMB/SHJ',150,0,0,10,
130,5,0,0,0,
20,'Y', 5, 0);

INSERT INTO t_fcc_seg_alloc
(FCCSA_ID,FCCA_ID,FLIGHT_ID,CABIN_CLASS_CODE,SEGMENT_CODE,ALLOCATED_SEATS,OVERSELL_SEATS,CURTAILED_SEATS,INFANT_ALLOCATION,
SOLD_SEATS,SOLD_INFANT_SEATS,ON_HOLD_SEATS,ONHOLD_INFANT_SEATS,FIXED_SEATS, 
AVAILABLE_SEATS, VALID_FLAG, AVAILABLE_INFANT_SEATS,  VERSION)
VALUES
(19051,19051,19051,'I','CMB/SHJ',150,0,0,10,
20,5,0,0,0,
130,'Y', 5, 0);

INSERT INTO t_fcc_seg_alloc
(FCCSA_ID,FCCA_ID,FLIGHT_ID,CABIN_CLASS_CODE,SEGMENT_CODE,ALLOCATED_SEATS,OVERSELL_SEATS,CURTAILED_SEATS,INFANT_ALLOCATION,
SOLD_SEATS,SOLD_INFANT_SEATS,ON_HOLD_SEATS,ONHOLD_INFANT_SEATS,FIXED_SEATS, 
AVAILABLE_SEATS, VALID_FLAG, AVAILABLE_INFANT_SEATS,  VERSION)
VALUES
(19052,19052,19052,'I','SHJ/SSH',150,0,80,10,
30,0,0,0,10,
-10,'Y', 5, 0);
INSERT INTO t_fcc_seg_alloc
(FCCSA_ID,FCCA_ID,FLIGHT_ID,CABIN_CLASS_CODE,SEGMENT_CODE,ALLOCATED_SEATS,OVERSELL_SEATS,CURTAILED_SEATS,INFANT_ALLOCATION,
SOLD_SEATS,SOLD_INFANT_SEATS,ON_HOLD_SEATS,ONHOLD_INFANT_SEATS,FIXED_SEATS, 
AVAILABLE_SEATS, VALID_FLAG, AVAILABLE_INFANT_SEATS,  VERSION)
VALUES
(19053,19052,19052,'I','SHJ/SSH/LXR',150,0,0,10,
50,5,0,0,0,
30,'Y', 5, 0);
INSERT INTO t_fcc_seg_alloc
(FCCSA_ID,FCCA_ID,FLIGHT_ID,CABIN_CLASS_CODE,SEGMENT_CODE,ALLOCATED_SEATS,OVERSELL_SEATS,CURTAILED_SEATS,INFANT_ALLOCATION,
SOLD_SEATS,SOLD_INFANT_SEATS,ON_HOLD_SEATS,ONHOLD_INFANT_SEATS,FIXED_SEATS, 
AVAILABLE_SEATS, VALID_FLAG, AVAILABLE_INFANT_SEATS,  VERSION)
VALUES
(19054,19052,19052,'I','SSH/LXR',150,0,0,10,
20,5,0,0,20,
80,'Y', 0, 0);

INSERT INTO t_fcc_seg_alloc
(FCCSA_ID,FCCA_ID,FLIGHT_ID,CABIN_CLASS_CODE,SEGMENT_CODE,ALLOCATED_SEATS,OVERSELL_SEATS,CURTAILED_SEATS,INFANT_ALLOCATION,
SOLD_SEATS,SOLD_INFANT_SEATS,ON_HOLD_SEATS,ONHOLD_INFANT_SEATS,FIXED_SEATS, 
AVAILABLE_SEATS, VALID_FLAG, AVAILABLE_INFANT_SEATS,  VERSION)
VALUES
(19055,19053,19058,'I','CMB/SHJ',150,5,5,10,
155,5,0,0,0,
-5,'Y', 0, 0);

INSERT INTO t_fcc_seg_alloc
(FCCSA_ID,FCCA_ID,FLIGHT_ID,CABIN_CLASS_CODE,SEGMENT_CODE,ALLOCATED_SEATS,OVERSELL_SEATS,CURTAILED_SEATS,INFANT_ALLOCATION,
SOLD_SEATS,SOLD_INFANT_SEATS,ON_HOLD_SEATS,ONHOLD_INFANT_SEATS,FIXED_SEATS, 
AVAILABLE_SEATS, VALID_FLAG, AVAILABLE_INFANT_SEATS,  VERSION)
VALUES
(19056,19054,19059,'I','CMB/SHJ',150,5,5,10,
155,5,0,0,0,
-5,'Y', 0, 0);

-- intercepting flight segments
INSERT INTO T_INTERCEPTING_FCC_SEG_ALLOC
(IFCCSA_ID, SOURCE_FCCSA_ID, INTETERCEPTING_FCCSA_ID)
VALUES
(19050, 19052, 19053);
INSERT INTO T_INTERCEPTING_FCC_SEG_ALLOC
(IFCCSA_ID, SOURCE_FCCSA_ID, INTETERCEPTING_FCCSA_ID)
VALUES
(19051, 19053, 19052);
INSERT INTO T_INTERCEPTING_FCC_SEG_ALLOC
(IFCCSA_ID, SOURCE_FCCSA_ID, INTETERCEPTING_FCCSA_ID)
VALUES
(19052, 19053, 19054);
INSERT INTO T_INTERCEPTING_FCC_SEG_ALLOC
(IFCCSA_ID, SOURCE_FCCSA_ID, INTETERCEPTING_FCCSA_ID)
VALUES
(19053, 19054, 19053);


-- fcc segmet bookingclass inventories
INSERT INTO t_fcc_seg_bc_alloc
(FCCSBA_ID,FCCSA_ID,BOOKING_CODE,FLIGHT_ID,CABIN_CLASS_CODE, SEGMENT_CODE,
ALLOCATED_SEATS,SOLD_SEATS,ONHOLD_SEATS,CANCELLED_SEATS,ACQUIRED_SEATS,
AVAILABLE_SEATS,PRIORITY_FLAG,STATUS,MANUALLY_CLOSED_FLAG, VERSION)
VALUES
(19050,19050,'IES',19050,'I','CMB/SHJ',
100,90,0,0,0,
10,'Y','OPN','N',0);
INSERT INTO t_fcc_seg_bc_alloc
(FCCSBA_ID,FCCSA_ID,BOOKING_CODE,FLIGHT_ID,CABIN_CLASS_CODE, SEGMENT_CODE,
ALLOCATED_SEATS,SOLD_SEATS,ONHOLD_SEATS,CANCELLED_SEATS,ACQUIRED_SEATS,
AVAILABLE_SEATS,PRIORITY_FLAG,STATUS,MANUALLY_CLOSED_FLAG, VERSION)
VALUES
(19051,19050,'IFS',19050,'I','CMB/SHJ',
100,10,0,0,0,
90,'Y','OPN','N',0);
INSERT INTO t_fcc_seg_bc_alloc
(FCCSBA_ID,FCCSA_ID,BOOKING_CODE,FLIGHT_ID,CABIN_CLASS_CODE, SEGMENT_CODE,
ALLOCATED_SEATS,SOLD_SEATS,ONHOLD_SEATS,CANCELLED_SEATS,ACQUIRED_SEATS,
AVAILABLE_SEATS,PRIORITY_FLAG,STATUS,MANUALLY_CLOSED_FLAG, VERSION)
VALUES
(19052,19050,'IEN',19050,'I','CMB/SHJ',
50,15,0,0,0,
35,'Y','OPN','N',0);
INSERT INTO t_fcc_seg_bc_alloc
(FCCSBA_ID,FCCSA_ID,BOOKING_CODE,FLIGHT_ID,CABIN_CLASS_CODE, SEGMENT_CODE,
ALLOCATED_SEATS,SOLD_SEATS,ONHOLD_SEATS,CANCELLED_SEATS,ACQUIRED_SEATS,
AVAILABLE_SEATS,PRIORITY_FLAG,STATUS,MANUALLY_CLOSED_FLAG, VERSION)
VALUES
(19053,19050,'IFN',19050,'I','CMB/SHJ',
50,0,0,0,0,
50,'Y','OPN','N',0);
INSERT INTO t_fcc_seg_bc_alloc
(FCCSBA_ID,FCCSA_ID,BOOKING_CODE,FLIGHT_ID,CABIN_CLASS_CODE, SEGMENT_CODE,
ALLOCATED_SEATS,SOLD_SEATS,ONHOLD_SEATS,CANCELLED_SEATS,ACQUIRED_SEATS,
AVAILABLE_SEATS,PRIORITY_FLAG,STATUS,MANUALLY_CLOSED_FLAG, VERSION)
VALUES
(19054,19050,'IEF',19050,'I','CMB/SHJ',
20,15,0,0,0,
5,'Y','OPN','N',0);

INSERT INTO t_fcc_seg_bc_alloc
(FCCSBA_ID,FCCSA_ID,BOOKING_CODE,FLIGHT_ID,CABIN_CLASS_CODE, SEGMENT_CODE,
ALLOCATED_SEATS,SOLD_SEATS,ONHOLD_SEATS,CANCELLED_SEATS,ACQUIRED_SEATS,
AVAILABLE_SEATS,PRIORITY_FLAG,STATUS,MANUALLY_CLOSED_FLAG, VERSION)
VALUES
(19055,19051,'IES',19051,'I','CMB/SHJ',
100,20,0,0,0,
80,'Y','OPN','N',0);

INSERT INTO t_fcc_seg_bc_alloc
(FCCSBA_ID,FCCSA_ID,BOOKING_CODE,FLIGHT_ID,CABIN_CLASS_CODE, SEGMENT_CODE,
ALLOCATED_SEATS,SOLD_SEATS,ONHOLD_SEATS,CANCELLED_SEATS,ACQUIRED_SEATS,
AVAILABLE_SEATS,PRIORITY_FLAG,STATUS,MANUALLY_CLOSED_FLAG, VERSION)
VALUES
(19056,19055,'IES',19058,'I','CMB/SHJ',
200,140,0,0,0,
45,'Y','OPN','N',0);
INSERT INTO t_fcc_seg_bc_alloc
(FCCSBA_ID,FCCSA_ID,BOOKING_CODE,FLIGHT_ID,CABIN_CLASS_CODE, SEGMENT_CODE,
ALLOCATED_SEATS,SOLD_SEATS,ONHOLD_SEATS,CANCELLED_SEATS,ACQUIRED_SEATS,
AVAILABLE_SEATS,PRIORITY_FLAG,STATUS,MANUALLY_CLOSED_FLAG, VERSION)
VALUES
(19057,19055,'IEF',19058,'I','CMB/SHJ',
50,15,0,0,0,
35,'Y','OPN','N',0);

INSERT INTO t_fcc_seg_bc_alloc
(FCCSBA_ID,FCCSA_ID,BOOKING_CODE,FLIGHT_ID,CABIN_CLASS_CODE, SEGMENT_CODE,
ALLOCATED_SEATS,SOLD_SEATS,ONHOLD_SEATS,CANCELLED_SEATS,ACQUIRED_SEATS,
AVAILABLE_SEATS,PRIORITY_FLAG,STATUS,MANUALLY_CLOSED_FLAG, VERSION)
VALUES
(19058,19056,'IES',19059,'I','CMB/SHJ',
200,140,0,0,0,
60,'Y','OPN','N',0);
INSERT INTO t_fcc_seg_bc_alloc
(FCCSBA_ID,FCCSA_ID,BOOKING_CODE,FLIGHT_ID,CABIN_CLASS_CODE, SEGMENT_CODE,
ALLOCATED_SEATS,SOLD_SEATS,ONHOLD_SEATS,CANCELLED_SEATS,ACQUIRED_SEATS,
AVAILABLE_SEATS,PRIORITY_FLAG,STATUS,MANUALLY_CLOSED_FLAG, VERSION)
VALUES
(19059,19056,'IEF',19059,'I','CMB/SHJ',
50,15,0,0,0,
35,'Y','OPN','N',0);

INSERT INTO t_fcc_seg_bc_alloc
(FCCSBA_ID,FCCSA_ID,BOOKING_CODE,FLIGHT_ID,CABIN_CLASS_CODE, SEGMENT_CODE,
ALLOCATED_SEATS,SOLD_SEATS,ONHOLD_SEATS,CANCELLED_SEATS,ACQUIRED_SEATS,
AVAILABLE_SEATS,PRIORITY_FLAG,STATUS,MANUALLY_CLOSED_FLAG, VERSION)
VALUES
(19060,19052,'IES',19052,'I','SHJ/SSH',
200,25,0,0,0,
175,'Y','OPN','N',0);
INSERT INTO t_fcc_seg_bc_alloc
(FCCSBA_ID,FCCSA_ID,BOOKING_CODE,FLIGHT_ID,CABIN_CLASS_CODE, SEGMENT_CODE,
ALLOCATED_SEATS,SOLD_SEATS,ONHOLD_SEATS,CANCELLED_SEATS,ACQUIRED_SEATS,
AVAILABLE_SEATS,PRIORITY_FLAG,STATUS,MANUALLY_CLOSED_FLAG, VERSION)
VALUES
(19061,19052,'IEF',19052,'I','SHJ/SSH',
10,5,0,0,0,
5,'Y','OPN','N',0);

INSERT INTO t_fcc_seg_bc_alloc
(FCCSBA_ID,FCCSA_ID,BOOKING_CODE,FLIGHT_ID,CABIN_CLASS_CODE, SEGMENT_CODE,
ALLOCATED_SEATS,SOLD_SEATS,ONHOLD_SEATS,CANCELLED_SEATS,ACQUIRED_SEATS,
AVAILABLE_SEATS,PRIORITY_FLAG,STATUS,MANUALLY_CLOSED_FLAG, VERSION)
VALUES
(19062,19053,'IES',19052,'I','SHJ/SSH/LXR',
200,50,0,0,0,
150,'Y','OPN','N',0);
INSERT INTO t_fcc_seg_bc_alloc
(FCCSBA_ID,FCCSA_ID,BOOKING_CODE,FLIGHT_ID,CABIN_CLASS_CODE, SEGMENT_CODE,
ALLOCATED_SEATS,SOLD_SEATS,ONHOLD_SEATS,CANCELLED_SEATS,ACQUIRED_SEATS,
AVAILABLE_SEATS,PRIORITY_FLAG,STATUS,MANUALLY_CLOSED_FLAG, VERSION)
VALUES
(19063,19054,'IES',19052,'I','SSH/LXR',
200,15,0,0,0,
185,'Y','OPN','N',0);
INSERT INTO t_fcc_seg_bc_alloc
(FCCSBA_ID,FCCSA_ID,BOOKING_CODE,FLIGHT_ID,CABIN_CLASS_CODE, SEGMENT_CODE,
ALLOCATED_SEATS,SOLD_SEATS,ONHOLD_SEATS,CANCELLED_SEATS,ACQUIRED_SEATS,
AVAILABLE_SEATS,PRIORITY_FLAG,STATUS,MANUALLY_CLOSED_FLAG, VERSION)
VALUES
(19064,19054,'IFF',19052,'I','SSH/LXR',
20,5,0,0,0,
15,'Y','OPN','N',0);
INSERT INTO t_fcc_seg_bc_alloc
(FCCSBA_ID,FCCSA_ID,BOOKING_CODE,FLIGHT_ID,CABIN_CLASS_CODE, SEGMENT_CODE,
ALLOCATED_SEATS,SOLD_SEATS,ONHOLD_SEATS,CANCELLED_SEATS,ACQUIRED_SEATS,
AVAILABLE_SEATS,PRIORITY_FLAG,STATUS,MANUALLY_CLOSED_FLAG, VERSION)
VALUES
(19065,19054,'IFS',19052,'I','SSH/LXR',
50,0,0,0,0,
50,'Y','OPN','N',0);
