DELETE FROM aa_mgr.t_pnr_pax_fare_segment WHERE PPFS_ID BETWEEN 9500 AND 9600;
DELETE FROM aa_mgr.t_pnr_segment WHERE PNR_SEG_ID BETWEEN 9500 AND 9600;
DELETE FROM t_temp_seg_bc_alloc WHERE FCCSA_ID BETWEEN 9000 AND 9600;
DELETE FROM t_fcc_seg_bc_alloc WHERE FCCSBA_ID BETWEEN 9000 AND 9600 OR FLIGHT_ID BETWEEN 9000 AND 9600;
DELETE FROM T_INTERCEPTING_FCC_SEG_ALLOC WHERE (IFCCSA_ID BETWEEN 9000 AND 9600) 
OR (source_fccsa_id between 9000 AND 9600) OR (intetercepting_fccsa_id between 9000 AND 9600);
DELETE FROM t_fcc_seg_alloc WHERE FCCSA_ID BETWEEN 9000 AND 9600 OR FLIGHT_ID BETWEEN 9000 AND 9600;
DELETE FROM t_fcc_alloc WHERE FCCA_ID BETWEEN 9000 AND 9600 OR FLIGHT_ID BETWEEN 9000 AND 9600;
DELETE FROM T_BOOKING_CLASS WHERE BOOKING_CODE IN ('AN1', 'AN2', 'AT1', 'AT2', 'AT3', 'AT4','AF1','AF2','XS1', 'XS2', 'XN1', 'XF1','BS1','BS2','BS2','BN1','BN2','BF1', 'BF2','YS1','YS2', 'GSI', 'GSY', 'GSJ');
DELETE FROM t_flight_segment WHERE FLT_SEG_ID BETWEEN 9000 AND 9600;
DELETE FROM t_flight_leg WHERE FLIGHT_LEG_ID BETWEEN 9000 AND 9600;
DELETE FROM t_flight WHERE FLIGHT_ID BETWEEN 9000 AND 9600;
DELETE FROM t_flight_schedule WHERE SCHEDULE_ID BETWEEN 9000 AND 9600;
DELETE FROM t_aircraft where AIRCRAFT_ID BETWEEN 900 AND 999;
DELETE FROM t_aircraft_cc_capacity WHERE ACCC_ID BETWEEN 9000 AND 9600;
DELETE FROM t_aircraft_model WHERE MODEL_NUMBER IN ('A320AIRINVENTRY', 'A321AIRINVENTRY', 'A321INVN1');
-- View seat inventory and Fare Movements
delete from aa_mgr.t_pnr_pax_fare_segment where ppfs_id between 9500 and 9511;
delete from aa_mgr.t_pnr_segment where pnr_seg_id between 9500 and 9511;

INSERT INTO t_aircraft_model
(MODEL_NUMBER,STATUS,VERSION,DESCRIPTION)
VALUES
('A320AIRINVENTRY','Active',0,'A320AIRINVENTRY');

INSERT INTO t_aircraft_model
(MODEL_NUMBER,STATUS,VERSION,DESCRIPTION)
VALUES
('A321AIRINVENTRY','Active',0,'A321AIRINVENTRY');

INSERT INTO t_aircraft_model
(MODEL_NUMBER,STATUS,VERSION,DESCRIPTION)
VALUES
('A321INVN1','Active',0,'Airbus 321 INVN1');

INSERT INTO t_aircraft_cc_capacity
(ACCC_ID,MODEL_NUMBER,CABIN_CLASS_CODE,VERSION,SEAT_CAPACITY,INFANT_CAPACITY)
VALUES
(9000,'A320AIRINVENTRY','I',0,150,15);

INSERT INTO t_aircraft_cc_capacity
(ACCC_ID,MODEL_NUMBER,CABIN_CLASS_CODE,VERSION,SEAT_CAPACITY,INFANT_CAPACITY)
VALUES
(9001,'A321AIRINVENTRY','I',0,160,20);

INSERT INTO t_aircraft_cc_capacity
(ACCC_ID,MODEL_NUMBER,CABIN_CLASS_CODE,VERSION,SEAT_CAPACITY,INFANT_CAPACITY)
VALUES
(9002,'A321AIRINVENTRY','Y',0,160,20);

INSERT INTO t_aircraft_cc_capacity
(ACCC_ID,MODEL_NUMBER,CABIN_CLASS_CODE,VERSION,SEAT_CAPACITY,INFANT_CAPACITY)
VALUES
(9003,'A321AIRINVENTRY','J',0,160,20);

INSERT INTO t_aircraft_cc_capacity
(ACCC_ID,MODEL_NUMBER,CABIN_CLASS_CODE,VERSION,SEAT_CAPACITY,INFANT_CAPACITY)
VALUES
(9004,'A321INVN1','I',0,145,5);

INSERT INTO t_aircraft
(AIRCRAFT_ID,MODEL_NUMBER,AIRCRAFT_TAIL_NUMBER,SERIAL_NUMBER,STATUS,VERSION)
VALUES
(900,'A320AIRINVENTRY','A320T','999999','ACT',0);

INSERT INTO t_aircraft
(AIRCRAFT_ID,MODEL_NUMBER,AIRCRAFT_TAIL_NUMBER,SERIAL_NUMBER,STATUS,VERSION)
VALUES
(901,'A321AIRINVENTRY','A321T','888888','ACT',0);

INSERT INTO t_aircraft
(AIRCRAFT_ID,MODEL_NUMBER,AIRCRAFT_TAIL_NUMBER,SERIAL_NUMBER,STATUS,VERSION)
VALUES
(902,'A321INVN1','A321T','888888','ACT',0);

INSERT INTO t_flight_schedule
(SCHEDULE_ID,FLIGHT_NUMBER,MODEL_NUMBER,OPERATION_TYPE_ID,START_DATE,STOP_DATE,FREQUENCY_D0,FREQUENCY_D1,FREQUENCY_D2,FREQUENCY_D3,FREQUENCY_D4,FREQUENCY_D5,FREQUENCY_D6,ORIGIN,DESTINATION,AVAILABLE_SEAT_KILOMETERS,NUMBER_OF_DEPARTURES,SCHEDULE_BUILD_STATUS_CODE,SCHEDULE_STATUS_CODE,CREATED_BY,CREATED_DATE,MODIFIED_BY,MODIFIED_DATE,VERSION,MANUALLY_CHANGED)
VALUES
(9000,'G9500','A320AIRINVENTRY',2,to_date('2005/11/01', 'yyyy/mm/dd'),to_date('2006/11/30', 'yyyy/mm/dd'),1,1,1,1,1,0,0,'CMB','SHJ',NULL,NULL,'BLT','ACT',NULL,to_date('2005/10/04', 'yyyy/mm/dd'),NULL,NULL,0,'N');

INSERT INTO t_flight_schedule
(SCHEDULE_ID,FLIGHT_NUMBER,MODEL_NUMBER,OPERATION_TYPE_ID,START_DATE,STOP_DATE,FREQUENCY_D0,FREQUENCY_D1,FREQUENCY_D2,FREQUENCY_D3,FREQUENCY_D4,FREQUENCY_D5,FREQUENCY_D6,ORIGIN,DESTINATION,AVAILABLE_SEAT_KILOMETERS,NUMBER_OF_DEPARTURES,SCHEDULE_BUILD_STATUS_CODE,SCHEDULE_STATUS_CODE,CREATED_BY,CREATED_DATE,MODIFIED_BY,MODIFIED_DATE,VERSION,MANUALLY_CHANGED)
VALUES
(9001,'G9501','A321AIRINVENTRY',2,to_date('2005/11/01', 'yyyy/mm/dd'),to_date('2006/11/30', 'yyyy/mm/dd'),0,0,0,0,0,1,0,'CMB','SHJ',NULL,NULL,'BLT','ACT',NULL,to_date('2005/10/04', 'yyyy/mm/dd'),NULL,NULL,0,'N');

INSERT INTO t_flight_schedule
(SCHEDULE_ID,FLIGHT_NUMBER,MODEL_NUMBER,OPERATION_TYPE_ID,START_DATE,STOP_DATE,FREQUENCY_D0,FREQUENCY_D1,FREQUENCY_D2,FREQUENCY_D3,FREQUENCY_D4,FREQUENCY_D5,FREQUENCY_D6,ORIGIN,DESTINATION,AVAILABLE_SEAT_KILOMETERS,NUMBER_OF_DEPARTURES,SCHEDULE_BUILD_STATUS_CODE,SCHEDULE_STATUS_CODE,CREATED_BY,CREATED_DATE,MODIFIED_BY,MODIFIED_DATE,VERSION,MANUALLY_CHANGED)
VALUES
(9002,'G9501','A320AIRINVENTRY',2,to_date('2005/12/01', 'yyyy/mm/dd'),to_date('2006;12;31', 'yyyy/mm/dd'),0,0,0,0,0,1,1,'SHJ','LXR',NULL,NULL,'BLT','ACT',NULL,to_date('2005/10/04', 'yyyy/mm/dd'),NULL,NULL,0,'N');

INSERT INTO t_flight_schedule
(SCHEDULE_ID,FLIGHT_NUMBER,MODEL_NUMBER,OPERATION_TYPE_ID,START_DATE,STOP_DATE,FREQUENCY_D0,FREQUENCY_D1,FREQUENCY_D2,FREQUENCY_D3,FREQUENCY_D4,FREQUENCY_D5,FREQUENCY_D6,ORIGIN,DESTINATION,AVAILABLE_SEAT_KILOMETERS,NUMBER_OF_DEPARTURES,SCHEDULE_BUILD_STATUS_CODE,SCHEDULE_STATUS_CODE,CREATED_BY,CREATED_DATE,MODIFIED_BY,MODIFIED_DATE,VERSION,MANUALLY_CHANGED)
VALUES
(9110,'G9501','A321AIRINVENTRY',2,to_date('2005/11/01', 'yyyy/mm/dd'),to_date('2006/11/30', 'yyyy/mm/dd'),0,0,0,0,0,1,1,'SHJ','LXR',NULL,NULL,'BLT','ACT',NULL,to_date('2005/10/04', 'yyyy/mm/dd'),NULL,NULL,0,'N');

INSERT INTO t_flight_schedule
(SCHEDULE_ID,FLIGHT_NUMBER,MODEL_NUMBER,OPERATION_TYPE_ID,START_DATE,STOP_DATE,FREQUENCY_D0,FREQUENCY_D1,FREQUENCY_D2,FREQUENCY_D3,FREQUENCY_D4,FREQUENCY_D5,FREQUENCY_D6,ORIGIN,DESTINATION,AVAILABLE_SEAT_KILOMETERS,NUMBER_OF_DEPARTURES,SCHEDULE_BUILD_STATUS_CODE,SCHEDULE_STATUS_CODE,CREATED_BY,CREATED_DATE,MODIFIED_BY,MODIFIED_DATE,VERSION,MANUALLY_CHANGED)
VALUES
(9120,'G9501','A321AIRINVENTRY',2,to_date('2005/11/01', 'yyyy/mm/dd'),to_date('2006/11/30', 'yyyy/mm/dd'),0,0,0,0,0,1,1,'SHJ','LXR',NULL,NULL,'BLT','ACT',NULL,to_date('2005/10/04', 'yyyy/mm/dd'),NULL,NULL,0,'N');

INSERT INTO t_flight_schedule
(SCHEDULE_ID,FLIGHT_NUMBER,MODEL_NUMBER,OPERATION_TYPE_ID,START_DATE,STOP_DATE,FREQUENCY_D0,FREQUENCY_D1,FREQUENCY_D2,FREQUENCY_D3,FREQUENCY_D4,FREQUENCY_D5,FREQUENCY_D6,ORIGIN,DESTINATION,AVAILABLE_SEAT_KILOMETERS,NUMBER_OF_DEPARTURES,SCHEDULE_BUILD_STATUS_CODE,SCHEDULE_STATUS_CODE,CREATED_BY,CREATED_DATE,MODIFIED_BY,MODIFIED_DATE,VERSION,MANUALLY_CHANGED)
VALUES
(9170,'G9501','A321AIRINVENTRY',2,to_date('2005/11/01', 'yyyy/mm/dd'),to_date('2006/11/30', 'yyyy/mm/dd'),1,1,0,0,0,1,1,'CMB','KHI',NULL,NULL,'BLT','ACT',NULL,to_date('2005/10/04', 'yyyy/mm/dd'),NULL,NULL,0,'N');

INSERT INTO t_flight_schedule
(SCHEDULE_ID,FLIGHT_NUMBER,MODEL_NUMBER,OPERATION_TYPE_ID,START_DATE,STOP_DATE,FREQUENCY_D0,FREQUENCY_D1,FREQUENCY_D2,FREQUENCY_D3,FREQUENCY_D4,FREQUENCY_D5,FREQUENCY_D6,ORIGIN,DESTINATION,AVAILABLE_SEAT_KILOMETERS,NUMBER_OF_DEPARTURES,SCHEDULE_BUILD_STATUS_CODE,SCHEDULE_STATUS_CODE,CREATED_BY,CREATED_DATE,MODIFIED_BY,MODIFIED_DATE,VERSION,MANUALLY_CHANGED)
VALUES
(9200,'G9501','A320AIRINVENTRY',2,to_date('2005/12/01', 'yyyy/mm/dd'),to_date('2006;12;31', 'yyyy/mm/dd'),0,0,0,0,0,1,1,'CMB','SHJ',NULL,NULL,'BLT','ACT',NULL,to_date('2005/10/04', 'yyyy/mm/dd'),NULL,NULL,0,'N');

INSERT INTO t_flight_schedule
(SCHEDULE_ID,FLIGHT_NUMBER,MODEL_NUMBER,OPERATION_TYPE_ID,START_DATE,STOP_DATE,FREQUENCY_D0,FREQUENCY_D1,FREQUENCY_D2,FREQUENCY_D3,FREQUENCY_D4,FREQUENCY_D5,FREQUENCY_D6,ORIGIN,DESTINATION,AVAILABLE_SEAT_KILOMETERS,NUMBER_OF_DEPARTURES,SCHEDULE_BUILD_STATUS_CODE,SCHEDULE_STATUS_CODE,CREATED_BY,CREATED_DATE,MODIFIED_BY,MODIFIED_DATE,VERSION,MANUALLY_CHANGED)
VALUES
(9201,'G9501','A320AIRINVENTRY',2,to_date('2005/12/01', 'yyyy/mm/dd'),to_date('2006;12;31', 'yyyy/mm/dd'),0,0,0,0,0,1,1,'SHJ','LXR',NULL,NULL,'BLT','ACT',NULL,to_date('2005/10/04', 'yyyy/mm/dd'),NULL,NULL,0,'N');



INSERT INTO t_flight
(FLIGHT_ID,SCHEDULE_ID,FLIGHT_NUMBER,DEPARTURE_DATE,DAY_NUMBER,OPERATION_TYPE_ID,ORIGIN,DESTINATION,AVAILABLE_SEAT_KILOMETERS,OVERLAP_FLIGHT_INSTANCE_ID,TAIL_NUMBER,MODEL_NUMBER,STATUS,CREATED_BY,CREATED_DATE,MODIFIED_BY,MODIFIED_DATE,VERSION,MANUALLY_CHANGED)
VALUES
(9000,9000,'G9500',to_date('2005/11/01', 'yyyy/mm/dd'),2,2,'CMB','SHJ',1,NULL,NULL,'A320AIRINVENTRY','ACT',NULL,to_date('2005/10/04', 'yyyy/mm/dd'),NULL,NULL,0,'N');

INSERT INTO t_flight
(FLIGHT_ID,SCHEDULE_ID,FLIGHT_NUMBER,DEPARTURE_DATE,DAY_NUMBER,OPERATION_TYPE_ID,ORIGIN,DESTINATION,AVAILABLE_SEAT_KILOMETERS,OVERLAP_FLIGHT_INSTANCE_ID,TAIL_NUMBER,MODEL_NUMBER,STATUS,CREATED_BY,CREATED_DATE,MODIFIED_BY,MODIFIED_DATE,VERSION,MANUALLY_CHANGED)
VALUES
(9001,9000,'G9500',to_date('2005/11/02', 'yyyy/mm/dd'),2,2,'CMB','SHJ',1,NULL, NULL,'A320AIRINVENTRY','ACT',NULL,to_date('2005/10/04', 'yyyy/mm/dd'),NULL,NULL,0,'N');

INSERT INTO t_flight
(FLIGHT_ID,SCHEDULE_ID,FLIGHT_NUMBER,DEPARTURE_DATE,DAY_NUMBER,OPERATION_TYPE_ID,ORIGIN,DESTINATION,AVAILABLE_SEAT_KILOMETERS,OVERLAP_FLIGHT_INSTANCE_ID,TAIL_NUMBER,MODEL_NUMBER,STATUS,CREATED_BY,CREATED_DATE,MODIFIED_BY,MODIFIED_DATE,VERSION,MANUALLY_CHANGED)
VALUES
(9100,NULL,'G9500',to_date('2005/12/02', 'yyyy/mm/dd'),2,3,'SHJ','LXR',1,NULL,NULL,'A320AIRINVENTRY','ACT',NULL,to_date('2005/10/04', 'yyyy/mm/dd'),NULL,NULL,0,'N');

INSERT INTO t_flight
(FLIGHT_ID,SCHEDULE_ID,FLIGHT_NUMBER,DEPARTURE_DATE,DAY_NUMBER,OPERATION_TYPE_ID,ORIGIN,DESTINATION,AVAILABLE_SEAT_KILOMETERS,OVERLAP_FLIGHT_INSTANCE_ID,TAIL_NUMBER,MODEL_NUMBER,STATUS,CREATED_BY,CREATED_DATE,MODIFIED_BY,MODIFIED_DATE,VERSION,MANUALLY_CHANGED)
VALUES
(9101,NULL,'G9500',to_date('2005/12/02', 'yyyy/mm/dd'),2,3,'SSH','BEY',1,9100,NULL,'A320AIRINVENTRY','ACT',NULL,to_date('2005/10/04', 'yyyy/mm/dd'),NULL,NULL,0,'N');

INSERT INTO t_flight
(FLIGHT_ID,SCHEDULE_ID,FLIGHT_NUMBER,DEPARTURE_DATE,DAY_NUMBER,OPERATION_TYPE_ID,ORIGIN,DESTINATION,AVAILABLE_SEAT_KILOMETERS,OVERLAP_FLIGHT_INSTANCE_ID,TAIL_NUMBER,MODEL_NUMBER,STATUS,CREATED_BY,CREATED_DATE,MODIFIED_BY,MODIFIED_DATE,VERSION,MANUALLY_CHANGED)
VALUES
(9110,9110,'G9500',to_date('2005/12/03', 'yyyy/mm/dd'),2,3,'SHJ','LXR',1,NULL,NULL,'A320AIRINVENTRY','ACT',NULL,to_date('2005/10/04', 'yyyy/mm/dd'),NULL,NULL,0,'N');

INSERT INTO t_flight
(FLIGHT_ID,SCHEDULE_ID,FLIGHT_NUMBER,DEPARTURE_DATE,DAY_NUMBER,OPERATION_TYPE_ID,ORIGIN,DESTINATION,AVAILABLE_SEAT_KILOMETERS,OVERLAP_FLIGHT_INSTANCE_ID,TAIL_NUMBER,MODEL_NUMBER,STATUS,CREATED_BY,CREATED_DATE,MODIFIED_BY,MODIFIED_DATE,VERSION,MANUALLY_CHANGED)
VALUES
(9120,9110,'G9500',to_date('2005/12/04', 'yyyy/mm/dd'),2,3,'SHJ','LXR',1,NULL,NULL,'A320AIRINVENTRY','ACT',NULL,to_date('2005/10/04', 'yyyy/mm/dd'),NULL,NULL,0,'N');
-- for testing inventory creation
INSERT INTO t_flight
(FLIGHT_ID,SCHEDULE_ID,FLIGHT_NUMBER,DEPARTURE_DATE,DAY_NUMBER,OPERATION_TYPE_ID,ORIGIN,DESTINATION,AVAILABLE_SEAT_KILOMETERS,OVERLAP_FLIGHT_INSTANCE_ID,TAIL_NUMBER,MODEL_NUMBER,STATUS,CREATED_BY,CREATED_DATE,MODIFIED_BY,MODIFIED_DATE,VERSION,MANUALLY_CHANGED)
VALUES
(9130,9120,'G9500',to_date('2005/12/04', 'yyyy/mm/dd'),2,3,'SHJ','LXR',1,NULL,NULL,'A321INVN1','ACT',NULL,to_date('2005/10/04', 'yyyy/mm/dd'),NULL,NULL,0,'N');

INSERT INTO t_flight
(FLIGHT_ID,SCHEDULE_ID,FLIGHT_NUMBER,DEPARTURE_DATE,DAY_NUMBER,OPERATION_TYPE_ID,ORIGIN,DESTINATION,AVAILABLE_SEAT_KILOMETERS,OVERLAP_FLIGHT_INSTANCE_ID,TAIL_NUMBER,MODEL_NUMBER,STATUS,CREATED_BY,CREATED_DATE,MODIFIED_BY,MODIFIED_DATE,VERSION,MANUALLY_CHANGED)
VALUES
(9131,9120,'G9500',to_date('2005/12/04', 'yyyy/mm/dd'),2,3,'SHJ','LXR',1,NULL,NULL,'A321INVN1','ACT',NULL,to_date('2005/10/04', 'yyyy/mm/dd'),NULL,NULL,0,'N');

INSERT INTO t_flight
(FLIGHT_ID,SCHEDULE_ID,FLIGHT_NUMBER,DEPARTURE_DATE,DAY_NUMBER,OPERATION_TYPE_ID,ORIGIN,DESTINATION,AVAILABLE_SEAT_KILOMETERS,OVERLAP_FLIGHT_INSTANCE_ID,TAIL_NUMBER,MODEL_NUMBER,STATUS,CREATED_BY,CREATED_DATE,MODIFIED_BY,MODIFIED_DATE,VERSION,MANUALLY_CHANGED)
VALUES
(9132,NULL,'G9500',to_date('2005/12/04', 'yyyy/mm/dd'),2,3,'SSH','BEY',1,9130,NULL,'A321INVN1','ACT',NULL,to_date('2005/10/04', 'yyyy/mm/dd'),NULL,NULL,0,'N');
-- for testing inventory creation

-- For testing roll forwarding 
INSERT INTO t_flight
(FLIGHT_ID,SCHEDULE_ID,FLIGHT_NUMBER,DEPARTURE_DATE,DAY_NUMBER,OPERATION_TYPE_ID,ORIGIN,DESTINATION,AVAILABLE_SEAT_KILOMETERS,OVERLAP_FLIGHT_INSTANCE_ID,TAIL_NUMBER,MODEL_NUMBER,STATUS,CREATED_BY,CREATED_DATE,MODIFIED_BY,MODIFIED_DATE,VERSION,MANUALLY_CHANGED)
VALUES
(9160,9001,'G9500',to_date('2005/11/02', 'yyyy/mm/dd'),2,2,'CMB','SHJ',1,NULL,NULL,'A321AIRINVENTRY','ACT',NULL,to_date('2005/10/04', 'yyyy/mm/dd'),NULL,NULL,0,'N');

INSERT INTO t_flight
(FLIGHT_ID,SCHEDULE_ID,FLIGHT_NUMBER,DEPARTURE_DATE,DAY_NUMBER,OPERATION_TYPE_ID,ORIGIN,DESTINATION,AVAILABLE_SEAT_KILOMETERS,OVERLAP_FLIGHT_INSTANCE_ID,TAIL_NUMBER,MODEL_NUMBER,STATUS,CREATED_BY,CREATED_DATE,MODIFIED_BY,MODIFIED_DATE,VERSION,MANUALLY_CHANGED)
VALUES
(9161,9001,'G9500',to_date('2005/11/02', 'yyyy/mm/dd'),2,2,'CMB','SHJ',1,NULL,NULL,'A321AIRINVENTRY','ACT',NULL,to_date('2005/10/04', 'yyyy/mm/dd'),NULL,NULL,0,'N');

INSERT INTO t_flight
(FLIGHT_ID,SCHEDULE_ID,FLIGHT_NUMBER,DEPARTURE_DATE,DAY_NUMBER,OPERATION_TYPE_ID,ORIGIN,DESTINATION,AVAILABLE_SEAT_KILOMETERS,OVERLAP_FLIGHT_INSTANCE_ID,TAIL_NUMBER,MODEL_NUMBER,STATUS,CREATED_BY,CREATED_DATE,MODIFIED_BY,MODIFIED_DATE,VERSION,MANUALLY_CHANGED)
VALUES
(9162,9001,'G9500',to_date('2005/11/02', 'yyyy/mm/dd'),2,2,'CMB','SHJ',1,NULL,NULL,'A321AIRINVENTRY','ACT',NULL,to_date('2005/10/04', 'yyyy/mm/dd'),NULL,NULL,0,'N');

INSERT INTO t_flight
(FLIGHT_ID,SCHEDULE_ID,FLIGHT_NUMBER,DEPARTURE_DATE,DAY_NUMBER,OPERATION_TYPE_ID,ORIGIN,DESTINATION,AVAILABLE_SEAT_KILOMETERS,OVERLAP_FLIGHT_INSTANCE_ID,TAIL_NUMBER,MODEL_NUMBER,STATUS,CREATED_BY,CREATED_DATE,MODIFIED_BY,MODIFIED_DATE,VERSION,MANUALLY_CHANGED)
VALUES
(9163,9001,'G9500',to_date('2005/11/03', 'yyyy/mm/dd'),2,2,'CMB','SHJ',1,NULL,NULL,'A321AIRINVENTRY','ACT',NULL,to_date('2005/10/04', 'yyyy/mm/dd'),NULL,NULL,0,'N');

INSERT INTO t_flight
(FLIGHT_ID,SCHEDULE_ID,FLIGHT_NUMBER,DEPARTURE_DATE,DAY_NUMBER,OPERATION_TYPE_ID,ORIGIN,DESTINATION,AVAILABLE_SEAT_KILOMETERS,OVERLAP_FLIGHT_INSTANCE_ID,TAIL_NUMBER,MODEL_NUMBER,STATUS,CREATED_BY,CREATED_DATE,MODIFIED_BY,MODIFIED_DATE,VERSION,MANUALLY_CHANGED)
VALUES
(9164,9001,'G9500',to_date('2005/11/04', 'yyyy/mm/dd'),2,2,'CMB','SHJ',1,NULL,NULL,'A321AIRINVENTRY','ACT',NULL,to_date('2005/10/04', 'yyyy/mm/dd'),NULL,NULL,0,'N');
-- End For testing roll forwarding 

-- for testing manage inventory
INSERT INTO t_flight
(FLIGHT_ID,SCHEDULE_ID,FLIGHT_NUMBER,DEPARTURE_DATE,DAY_NUMBER,OPERATION_TYPE_ID,ORIGIN,DESTINATION,AVAILABLE_SEAT_KILOMETERS,OVERLAP_FLIGHT_INSTANCE_ID,TAIL_NUMBER,MODEL_NUMBER,STATUS,CREATED_BY,CREATED_DATE,MODIFIED_BY,MODIFIED_DATE,VERSION,MANUALLY_CHANGED)
VALUES
(9170,9170,'G9500',to_date('2005/11/04', 'yyyy/mm/dd'),2,2,'CMB','KHI',1,NULL,NULL,'A321AIRINVENTRY','ACT',NULL,to_date('2005/10/04', 'yyyy/mm/dd'),NULL,NULL,0,'N');

INSERT INTO t_flight
(FLIGHT_ID,SCHEDULE_ID,FLIGHT_NUMBER,DEPARTURE_DATE,DAY_NUMBER,OPERATION_TYPE_ID,ORIGIN,DESTINATION,AVAILABLE_SEAT_KILOMETERS,OVERLAP_FLIGHT_INSTANCE_ID,TAIL_NUMBER,MODEL_NUMBER,STATUS,CREATED_BY,CREATED_DATE,MODIFIED_BY,MODIFIED_DATE,VERSION,MANUALLY_CHANGED)
VALUES
(9171,NULL,'G9500',to_date('2005/11/04', 'yyyy/mm/dd'),2,2,'KHI','CMB',1,NULL,NULL,'A321AIRINVENTRY','ACT',NULL,to_date('2005/10/04', 'yyyy/mm/dd'),NULL,NULL,0,'N');

-- end for testing manage inventory

INSERT INTO t_flight
(FLIGHT_ID,SCHEDULE_ID,FLIGHT_NUMBER,DEPARTURE_DATE,DAY_NUMBER,OPERATION_TYPE_ID,ORIGIN,DESTINATION,AVAILABLE_SEAT_KILOMETERS,OVERLAP_FLIGHT_INSTANCE_ID,TAIL_NUMBER,MODEL_NUMBER,STATUS,CREATED_BY,CREATED_DATE,MODIFIED_BY,MODIFIED_DATE,VERSION,MANUALLY_CHANGED)
VALUES
(9150,9000,'G9500',to_date('2005/11/30', 'yyyy/mm/dd'),2,2,'CMB','SHJ',1,NULL,NULL,'A320AIRINVENTRY','ACT',NULL,to_date('2005/10/04', 'yyyy/mm/dd'),NULL,NULL,0,'N');

-- update invn
INSERT INTO t_flight
(FLIGHT_ID,SCHEDULE_ID,FLIGHT_NUMBER,DEPARTURE_DATE,DAY_NUMBER,OPERATION_TYPE_ID,
ORIGIN,DESTINATION,AVAILABLE_SEAT_KILOMETERS,OVERLAP_FLIGHT_INSTANCE_ID,TAIL_NUMBER,MODEL_NUMBER,STATUS,
CREATED_BY,CREATED_DATE,MODIFIED_BY,MODIFIED_DATE,VERSION,MANUALLY_CHANGED)
VALUES
(9180,NULL,'G9FIF1',to_date('2005/11/01', 'yyyy/mm/dd'),1,2,
'CMB','DOH',1,NULL,NULL,'A321INVN1','ACT',
NULL,to_date('2005/10/04', 'yyyy/mm/dd'),NULL,NULL,0,'N');
-- end update invn
INSERT INTO t_flight
(FLIGHT_ID,SCHEDULE_ID,FLIGHT_NUMBER,DEPARTURE_DATE,DAY_NUMBER,OPERATION_TYPE_ID,ORIGIN,DESTINATION,AVAILABLE_SEAT_KILOMETERS,OVERLAP_FLIGHT_INSTANCE_ID,TAIL_NUMBER,MODEL_NUMBER,STATUS,CREATED_BY,CREATED_DATE,MODIFIED_BY,MODIFIED_DATE,VERSION,MANUALLY_CHANGED)
VALUES
(9200,9200,'G9500',to_date('2005/11/03', 'yyyy/mm/dd'),2,2,'CMB','SHJ',1,NULL,NULL,'A320AIRINVENTRY','ACT',NULL,to_date('2005/10/04', 'yyyy/mm/dd'),NULL,NULL,0,'N');

INSERT INTO t_flight
(FLIGHT_ID,SCHEDULE_ID,FLIGHT_NUMBER,DEPARTURE_DATE,DAY_NUMBER,OPERATION_TYPE_ID,ORIGIN,DESTINATION,AVAILABLE_SEAT_KILOMETERS,OVERLAP_FLIGHT_INSTANCE_ID,TAIL_NUMBER,MODEL_NUMBER,STATUS,CREATED_BY,CREATED_DATE,MODIFIED_BY,MODIFIED_DATE,VERSION,MANUALLY_CHANGED)
VALUES
(9202,9200,'G9500',to_date('2005/11/04', 'yyyy/mm/dd'),2,2,'CMB','SHJ',1,NULL,NULL,'A320AIRINVENTRY','ACT',NULL,to_date('2005/10/04', 'yyyy/mm/dd'),NULL,NULL,0,'N');


INSERT INTO t_flight
(FLIGHT_ID,SCHEDULE_ID,FLIGHT_NUMBER,DEPARTURE_DATE,DAY_NUMBER,OPERATION_TYPE_ID,ORIGIN,DESTINATION,AVAILABLE_SEAT_KILOMETERS,OVERLAP_FLIGHT_INSTANCE_ID,TAIL_NUMBER,MODEL_NUMBER,STATUS,CREATED_BY,CREATED_DATE,MODIFIED_BY,MODIFIED_DATE,VERSION,MANUALLY_CHANGED)
VALUES
(9201,9201,'G9500',to_date('2005/12/02', 'yyyy/mm/dd'),2,2,'SHJ','LXR',1,NULL,NULL,'A320AIRINVENTRY','ACT',NULL,to_date('2005/10/04', 'yyyy/mm/dd'),NULL,NULL,0,'N');


INSERT INTO t_flight
(FLIGHT_ID,SCHEDULE_ID,FLIGHT_NUMBER,DEPARTURE_DATE,DAY_NUMBER,OPERATION_TYPE_ID,ORIGIN,DESTINATION,AVAILABLE_SEAT_KILOMETERS,OVERLAP_FLIGHT_INSTANCE_ID,TAIL_NUMBER,MODEL_NUMBER,STATUS,CREATED_BY,CREATED_DATE,MODIFIED_BY,MODIFIED_DATE,VERSION,MANUALLY_CHANGED)
VALUES
(9300,9200,'G9500',to_date('2005/11/03', 'yyyy/mm/dd'),2,2,'CMB','SHJ',1,NULL,NULL,'A320AIRINVENTRY','ACT',NULL,to_date('2005/10/04', 'yyyy/mm/dd'),NULL,NULL,0,'N');

INSERT INTO t_flight
(FLIGHT_ID,SCHEDULE_ID,FLIGHT_NUMBER,DEPARTURE_DATE,DAY_NUMBER,OPERATION_TYPE_ID,ORIGIN,DESTINATION,AVAILABLE_SEAT_KILOMETERS,OVERLAP_FLIGHT_INSTANCE_ID,TAIL_NUMBER,MODEL_NUMBER,STATUS,CREATED_BY,CREATED_DATE,MODIFIED_BY,MODIFIED_DATE,VERSION,MANUALLY_CHANGED)
VALUES
(9510,9110,'G9500',to_date('2005/12/03', 'yyyy/mm/dd'),2,3,'SHJ','LXR',1,NULL,NULL,'A320AIRINVENTRY','ACT',NULL,to_date('2005/10/04', 'yyyy/mm/dd'),NULL,NULL,0,'N');

INSERT INTO t_flight
(FLIGHT_ID,SCHEDULE_ID,FLIGHT_NUMBER,DEPARTURE_DATE,DAY_NUMBER,OPERATION_TYPE_ID,ORIGIN,DESTINATION,AVAILABLE_SEAT_KILOMETERS,OVERLAP_FLIGHT_INSTANCE_ID,TAIL_NUMBER,MODEL_NUMBER,STATUS,CREATED_BY,CREATED_DATE,MODIFIED_BY,MODIFIED_DATE,VERSION,MANUALLY_CHANGED)
VALUES
(9501,9201,'G9500',to_date('2005/12/02', 'yyyy/mm/dd'),2,2,'SHJ','LXR',1,NULL,NULL,'A320AIRINVENTRY','ACT',NULL,to_date('2005/10/04', 'yyyy/mm/dd'),NULL,NULL,0,'N');

--Testing Transfer Seats

INSERT INTO t_flight
(FLIGHT_ID,SCHEDULE_ID,FLIGHT_NUMBER,DEPARTURE_DATE,DAY_NUMBER,OPERATION_TYPE_ID,ORIGIN,DESTINATION,AVAILABLE_SEAT_KILOMETERS,OVERLAP_FLIGHT_INSTANCE_ID,TAIL_NUMBER,MODEL_NUMBER,STATUS,CREATED_BY,CREATED_DATE,MODIFIED_BY,MODIFIED_DATE,VERSION,MANUALLY_CHANGED)
VALUES
(9551,9201,'G9500',to_date('2005/12/02', 'yyyy/mm/dd'),2,2,'SHJ','LXR',1,NULL,NULL,'A320AIRINVENTRY','ACT',NULL,to_date('2005/10/04', 'yyyy/mm/dd'),NULL,NULL,0,'N');


--End Testing Transfer Seats

--Testing Block Seats
INSERT INTO t_flight
(FLIGHT_ID,SCHEDULE_ID,FLIGHT_NUMBER,DEPARTURE_DATE,DAY_NUMBER,OPERATION_TYPE_ID,ORIGIN,DESTINATION,AVAILABLE_SEAT_KILOMETERS,OVERLAP_FLIGHT_INSTANCE_ID,TAIL_NUMBER,MODEL_NUMBER,STATUS,CREATED_BY,CREATED_DATE,MODIFIED_BY,MODIFIED_DATE,VERSION,MANUALLY_CHANGED)
VALUES
(9561,9201,'G9500',to_date('2005/12/02', 'yyyy/mm/dd'),2,2,'SHJ','LXR',1,NULL,NULL,'A320AIRINVENTRY','ACT',NULL,to_date('2005/10/04', 'yyyy/mm/dd'),NULL,NULL,0,'N');
--End Testing Block Seats

--Testing Move Block Seats to Sold
INSERT INTO t_flight
(FLIGHT_ID,SCHEDULE_ID,FLIGHT_NUMBER,DEPARTURE_DATE,DAY_NUMBER,OPERATION_TYPE_ID,ORIGIN,DESTINATION,AVAILABLE_SEAT_KILOMETERS,OVERLAP_FLIGHT_INSTANCE_ID,TAIL_NUMBER,MODEL_NUMBER,STATUS,CREATED_BY,CREATED_DATE,MODIFIED_BY,MODIFIED_DATE,VERSION,MANUALLY_CHANGED)
VALUES
(9563,9201,'G9500',to_date('2005/12/02', 'yyyy/mm/dd'),2,2,'SHJ','LXR',1,NULL,NULL,'A320AIRINVENTRY','ACT',NULL,to_date('2005/10/04', 'yyyy/mm/dd'),NULL,NULL,0,'N');
--End Testing Move Block Seats to Sold

-- Flight legs
INSERT INTO aa_mgr.t_flight_leg
(FLIGHT_LEG_ID,FLIGHT_ID,LEG_NUMBER,ORIGIN,DESTINATION,DURATION,DEPARTURE_DAY_OFFSET,ARRIVAL_DAY_OFFSET,VERSION,EST_TIME_DEPARTURE_ZULU,EST_TIME_ARRIVAL_ZULU,EST_TIME_DEPARTURE_LOCAL,EST_TIME_ARRIVAL_LOCAL,EST_DEPARTURE_DAY_OFFSET,EST_ARRIVAL_DAY_OFFSET, ROUTE_ID)
VALUES
(9170,9170,1,'CMB','DEL',4,1,1,0,to_date('2005/11/04', 'yyyy/mm/dd'),to_date('2005/11/04', 'yyyy/mm/dd'),to_date('2005/11/04', 'yyyy/mm/dd'),to_date('2005/11/04', 'yyyy/mm/dd'),0,0, NULL);
INSERT INTO aa_mgr.t_flight_leg
(FLIGHT_LEG_ID,FLIGHT_ID,LEG_NUMBER,ORIGIN,DESTINATION,DURATION,DEPARTURE_DAY_OFFSET,ARRIVAL_DAY_OFFSET,VERSION,EST_TIME_DEPARTURE_ZULU,EST_TIME_ARRIVAL_ZULU,EST_TIME_DEPARTURE_LOCAL,EST_TIME_ARRIVAL_LOCAL,EST_DEPARTURE_DAY_OFFSET,EST_ARRIVAL_DAY_OFFSET, ROUTE_ID)
VALUES
(9171,9170,2,'DEL','KHI',4,1,1,0,to_date('2005/11/04', 'yyyy/mm/dd'),to_date('2005/11/04', 'yyyy/mm/dd'),to_date('2005/11/04', 'yyyy/mm/dd'),to_date('2005/11/04', 'yyyy/mm/dd'),0,0, NULL);
INSERT INTO aa_mgr.t_flight_leg
(FLIGHT_LEG_ID,FLIGHT_ID,LEG_NUMBER,ORIGIN,DESTINATION,DURATION,DEPARTURE_DAY_OFFSET,ARRIVAL_DAY_OFFSET,VERSION,EST_TIME_DEPARTURE_ZULU,EST_TIME_ARRIVAL_ZULU,EST_TIME_DEPARTURE_LOCAL,EST_TIME_ARRIVAL_LOCAL,EST_DEPARTURE_DAY_OFFSET,EST_ARRIVAL_DAY_OFFSET, ROUTE_ID)
VALUES
(9172,9171,1,'DEL','KHI',4,1,1,0,to_date('2005/11/04', 'yyyy/mm/dd'),to_date('2005/11/04', 'yyyy/mm/dd'),to_date('2005/11/04', 'yyyy/mm/dd'),to_date('2005/11/04', 'yyyy/mm/dd'),0,0, NULL);
INSERT INTO aa_mgr.t_flight_leg
(FLIGHT_LEG_ID,FLIGHT_ID,LEG_NUMBER,ORIGIN,DESTINATION,DURATION,DEPARTURE_DAY_OFFSET,ARRIVAL_DAY_OFFSET,VERSION,EST_TIME_DEPARTURE_ZULU,EST_TIME_ARRIVAL_ZULU,EST_TIME_DEPARTURE_LOCAL,EST_TIME_ARRIVAL_LOCAL,EST_DEPARTURE_DAY_OFFSET,EST_ARRIVAL_DAY_OFFSET, ROUTE_ID)
VALUES
(9173,9171,2,'KHI','CMB',4,1,1,0,to_date('2005/11/04', 'yyyy/mm/dd'),to_date('2005/11/04', 'yyyy/mm/dd'),to_date('2005/11/04', 'yyyy/mm/dd'),to_date('2005/11/04', 'yyyy/mm/dd'),0,0, NULL);

-- End flight legs

-- Flight segments
INSERT INTO aa_mgr.t_flight_segment
(FLT_SEG_ID,FLIGHT_ID,SEGMENT_CODE,SEGMENT_VALID_FLAG,SEGMENT_PRIORITY,VERSION,STATUS,PNL_TIMESTAMP,ADL_TIMESTAMP,EST_TIME_DEPARTURE_LOCAL,EST_TIME_ARRIVAL_LOCAL,OVERLAP_FLT_SEG_ID)
VALUES
(9000,9000,'CMB/SHJ','Y',1,0,'OPEN',NULL,NULL,NULL,NULL,NULL);
INSERT INTO aa_mgr.t_flight_segment
(FLT_SEG_ID,FLIGHT_ID,SEGMENT_CODE,SEGMENT_VALID_FLAG,SEGMENT_PRIORITY,VERSION,STATUS,PNL_TIMESTAMP,ADL_TIMESTAMP,EST_TIME_DEPARTURE_LOCAL,EST_TIME_ARRIVAL_LOCAL,OVERLAP_FLT_SEG_ID)
VALUES
(9001,9001,'CMB/SHJ','Y',1,0,'OPEN',NULL,NULL,NULL,NULL,NULL);
INSERT INTO aa_mgr.t_flight_segment
(FLT_SEG_ID,FLIGHT_ID,SEGMENT_CODE,SEGMENT_VALID_FLAG,SEGMENT_PRIORITY,VERSION,STATUS,PNL_TIMESTAMP,ADL_TIMESTAMP,EST_TIME_DEPARTURE_LOCAL,EST_TIME_ARRIVAL_LOCAL,OVERLAP_FLT_SEG_ID)
VALUES
(9100,9100,'SHJ/SSH/LXR','Y',1,0,'OPEN',NULL,NULL,NULL,NULL,NULL);
INSERT INTO aa_mgr.t_flight_segment
(FLT_SEG_ID,FLIGHT_ID,SEGMENT_CODE,SEGMENT_VALID_FLAG,SEGMENT_PRIORITY,VERSION,STATUS,PNL_TIMESTAMP,ADL_TIMESTAMP,EST_TIME_DEPARTURE_LOCAL,EST_TIME_ARRIVAL_LOCAL,OVERLAP_FLT_SEG_ID)
VALUES
(9101,9100,'SHJ/SSH','Y',1,0,'OPEN',NULL,NULL,NULL,NULL,NULL);
INSERT INTO aa_mgr.t_flight_segment
(FLT_SEG_ID,FLIGHT_ID,SEGMENT_CODE,SEGMENT_VALID_FLAG,SEGMENT_PRIORITY,VERSION,STATUS,PNL_TIMESTAMP,ADL_TIMESTAMP,EST_TIME_DEPARTURE_LOCAL,EST_TIME_ARRIVAL_LOCAL,OVERLAP_FLT_SEG_ID)
VALUES
(9102,9100,'SSH/LXR','Y',1,0,'OPEN',NULL,NULL,NULL,NULL,NULL);
INSERT INTO aa_mgr.t_flight_segment
(FLT_SEG_ID,FLIGHT_ID,SEGMENT_CODE,SEGMENT_VALID_FLAG,SEGMENT_PRIORITY,VERSION,STATUS,PNL_TIMESTAMP,ADL_TIMESTAMP,EST_TIME_DEPARTURE_LOCAL,EST_TIME_ARRIVAL_LOCAL,OVERLAP_FLT_SEG_ID)
VALUES
(9103,9101,'SSH/LXR/BEY','Y',1,0,'OPEN',NULL,NULL,NULL,NULL,NULL);
INSERT INTO aa_mgr.t_flight_segment
(FLT_SEG_ID,FLIGHT_ID,SEGMENT_CODE,SEGMENT_VALID_FLAG,SEGMENT_PRIORITY,VERSION,STATUS,PNL_TIMESTAMP,ADL_TIMESTAMP,EST_TIME_DEPARTURE_LOCAL,EST_TIME_ARRIVAL_LOCAL,OVERLAP_FLT_SEG_ID)
VALUES
(9104,9101,'SSH/LXR','Y',1,0,'OPEN',NULL,NULL,NULL,NULL,NULL);
INSERT INTO aa_mgr.t_flight_segment
(FLT_SEG_ID,FLIGHT_ID,SEGMENT_CODE,SEGMENT_VALID_FLAG,SEGMENT_PRIORITY,VERSION,STATUS,PNL_TIMESTAMP,ADL_TIMESTAMP,EST_TIME_DEPARTURE_LOCAL,EST_TIME_ARRIVAL_LOCAL,OVERLAP_FLT_SEG_ID)
VALUES
(9105,9101,'LXR/BEY','Y',1,0,'OPEN',NULL,NULL,NULL,NULL,NULL);

INSERT INTO aa_mgr.t_flight_segment
(FLT_SEG_ID,FLIGHT_ID,SEGMENT_CODE,SEGMENT_VALID_FLAG,SEGMENT_PRIORITY,VERSION,STATUS,PNL_TIMESTAMP,ADL_TIMESTAMP,EST_TIME_DEPARTURE_LOCAL,EST_TIME_ARRIVAL_LOCAL,OVERLAP_FLT_SEG_ID)
VALUES
(9110,9110,'SHJ/SSH/LXR','Y',1,0,'OPEN',NULL,NULL,NULL,NULL,NULL);
INSERT INTO aa_mgr.t_flight_segment
(FLT_SEG_ID,FLIGHT_ID,SEGMENT_CODE,SEGMENT_VALID_FLAG,SEGMENT_PRIORITY,VERSION,STATUS,PNL_TIMESTAMP,ADL_TIMESTAMP,EST_TIME_DEPARTURE_LOCAL,EST_TIME_ARRIVAL_LOCAL,OVERLAP_FLT_SEG_ID)
VALUES
(9111,9110,'SHJ/SSH','Y',1,0,'OPEN',NULL,NULL,NULL,NULL,NULL);
INSERT INTO aa_mgr.t_flight_segment
(FLT_SEG_ID,FLIGHT_ID,SEGMENT_CODE,SEGMENT_VALID_FLAG,SEGMENT_PRIORITY,VERSION,STATUS,PNL_TIMESTAMP,ADL_TIMESTAMP,EST_TIME_DEPARTURE_LOCAL,EST_TIME_ARRIVAL_LOCAL,OVERLAP_FLT_SEG_ID)
VALUES
(9112,9110,'SSH/LXR','Y',1,0,'OPEN',NULL,NULL,NULL,NULL,NULL);
-- update invn
INSERT INTO aa_mgr.t_flight_segment
(FLT_SEG_ID,FLIGHT_ID,SEGMENT_CODE,SEGMENT_VALID_FLAG,SEGMENT_PRIORITY,VERSION,
STATUS,PNL_TIMESTAMP,ADL_TIMESTAMP,EST_TIME_DEPARTURE_LOCAL,EST_TIME_ARRIVAL_LOCAL,OVERLAP_FLT_SEG_ID)
VALUES
(9180,9180,'CMB/SHJ','Y',1,0,
'OPEN',NULL,NULL,NULL,NULL,NULL);
INSERT INTO aa_mgr.t_flight_segment
(FLT_SEG_ID,FLIGHT_ID,SEGMENT_CODE,SEGMENT_VALID_FLAG,SEGMENT_PRIORITY,VERSION,
STATUS,PNL_TIMESTAMP,ADL_TIMESTAMP,EST_TIME_DEPARTURE_LOCAL,EST_TIME_ARRIVAL_LOCAL,OVERLAP_FLT_SEG_ID)
VALUES
(9181,9180,'CMB/SHJ/DOH','Y',1,0,
'OPEN',NULL,NULL,NULL,NULL,NULL);
INSERT INTO aa_mgr.t_flight_segment
(FLT_SEG_ID,FLIGHT_ID,SEGMENT_CODE,SEGMENT_VALID_FLAG,SEGMENT_PRIORITY,VERSION,
STATUS,PNL_TIMESTAMP,ADL_TIMESTAMP,EST_TIME_DEPARTURE_LOCAL,EST_TIME_ARRIVAL_LOCAL,OVERLAP_FLT_SEG_ID)
VALUES
(9182,9180,'SHJ/DOH','Y',1,0,
'OPEN',NULL,NULL,NULL,NULL,NULL);
-- end update invn

-- End flight segments

INSERT INTO t_booking_class
(BOOKING_CODE,BOOKING_CODE_DESCRIPTION,CABIN_CLASS_CODE,STANDARD_CODE,NEST_RANK,REMARKS,STATUS,CREATED_BY,CREATED_DATE,MODIFIED_BY,MODIFIED_DATE,VERSION,FIXED_FLAG,PAX_TYPE)
VALUES
('AN1','a non-standard booking code','I','N',NULL,'Test','ACT',NULL,NULL,NULL,NULL,0,'N','ADULT');
INSERT INTO t_booking_class
(BOOKING_CODE,BOOKING_CODE_DESCRIPTION,CABIN_CLASS_CODE,STANDARD_CODE,NEST_RANK,REMARKS,STATUS,CREATED_BY,CREATED_DATE,MODIFIED_BY,MODIFIED_DATE,VERSION,FIXED_FLAG,PAX_TYPE)
VALUES
('AN2','a non-standard booking code','J','N',NULL,'Test','ACT',NULL,NULL,NULL,NULL,0,'N','ADULT');
INSERT INTO t_booking_class
(BOOKING_CODE,BOOKING_CODE_DESCRIPTION,CABIN_CLASS_CODE,STANDARD_CODE,NEST_RANK,REMARKS,STATUS,CREATED_BY,CREATED_DATE,MODIFIED_BY,MODIFIED_DATE,VERSION,FIXED_FLAG,PAX_TYPE)
VALUES
('AT1','a standard booking code','I','Y',1,'Test','ACT',NULL,NULL,NULL,NULL,0,'N','ADULT');
INSERT INTO t_booking_class
(BOOKING_CODE,BOOKING_CODE_DESCRIPTION,CABIN_CLASS_CODE,STANDARD_CODE,NEST_RANK,REMARKS,STATUS,CREATED_BY,CREATED_DATE,MODIFIED_BY,MODIFIED_DATE,VERSION,FIXED_FLAG,PAX_TYPE)
VALUES
('AT2','a standard booking code','J','Y',2,'Test','ACT',NULL,NULL,NULL,NULL,0,'N','ADULT');
INSERT INTO t_booking_class
(BOOKING_CODE,BOOKING_CODE_DESCRIPTION,CABIN_CLASS_CODE,STANDARD_CODE,NEST_RANK,REMARKS,STATUS,CREATED_BY,CREATED_DATE,MODIFIED_BY,MODIFIED_DATE,VERSION,FIXED_FLAG,PAX_TYPE)
VALUES
('AT3','a standard booking code','I','Y',3,'Test','ACT',NULL,NULL,NULL,NULL,0,'N','ADULT');
INSERT INTO t_booking_class
(BOOKING_CODE,BOOKING_CODE_DESCRIPTION,CABIN_CLASS_CODE,STANDARD_CODE,NEST_RANK,REMARKS,STATUS,CREATED_BY,CREATED_DATE,MODIFIED_BY,MODIFIED_DATE,VERSION,FIXED_FLAG,PAX_TYPE)
VALUES
('AT4','a standard booking code','I','Y',4,'Test','ACT',NULL,NULL,NULL,NULL,0,'N','ADULT');
INSERT INTO t_booking_class
(BOOKING_CODE,BOOKING_CODE_DESCRIPTION,CABIN_CLASS_CODE,STANDARD_CODE,NEST_RANK,REMARKS,STATUS,CREATED_BY,CREATED_DATE,MODIFIED_BY,MODIFIED_DATE,VERSION,FIXED_FLAG,PAX_TYPE)
VALUES
('AF1','a fixed booking code','I','N',NULL,'Test','ACT',NULL,NULL,NULL,NULL,0,'Y','ADULT');

INSERT INTO t_booking_class
(BOOKING_CODE,BOOKING_CODE_DESCRIPTION,CABIN_CLASS_CODE,STANDARD_CODE,NEST_RANK,REMARKS,STATUS,CREATED_BY,CREATED_DATE,MODIFIED_BY,MODIFIED_DATE,VERSION,FIXED_FLAG,PAX_TYPE)
VALUES
('AF2','a fixed booking code','I','N',NULL,'Test','ACT',NULL,NULL,NULL,NULL,0,'Y','ADULT');

INSERT INTO t_booking_class
(BOOKING_CODE,BOOKING_CODE_DESCRIPTION,CABIN_CLASS_CODE,STANDARD_CODE,NEST_RANK,REMARKS,STATUS,CREATED_BY,CREATED_DATE,MODIFIED_BY,MODIFIED_DATE,VERSION,FIXED_FLAG,PAX_TYPE)
VALUES
('XS1','a standard booking code','I','Y',100,'Test','ACT',NULL,NULL,NULL,NULL,0,'N','ADULT');

INSERT INTO t_booking_class
(BOOKING_CODE,BOOKING_CODE_DESCRIPTION,CABIN_CLASS_CODE,STANDARD_CODE,NEST_RANK,REMARKS,STATUS,CREATED_BY,CREATED_DATE,MODIFIED_BY,MODIFIED_DATE,VERSION,FIXED_FLAG,PAX_TYPE)
VALUES
('XS2','a standard booking code','I','Y',101,'Test','ACT',NULL,NULL,NULL,NULL,0,'N','ADULT');

INSERT INTO t_booking_class
(BOOKING_CODE,BOOKING_CODE_DESCRIPTION,CABIN_CLASS_CODE,STANDARD_CODE,NEST_RANK,REMARKS,STATUS,CREATED_BY,CREATED_DATE,MODIFIED_BY,MODIFIED_DATE,VERSION,FIXED_FLAG,PAX_TYPE)
VALUES
('XN1','a non-standard booking code','I','N',NULL,'Test','ACT',NULL,NULL,NULL,NULL,0,'N','ADULT');

INSERT INTO t_booking_class
(BOOKING_CODE,BOOKING_CODE_DESCRIPTION,CABIN_CLASS_CODE,STANDARD_CODE,NEST_RANK,REMARKS,STATUS,CREATED_BY,CREATED_DATE,MODIFIED_BY,MODIFIED_DATE,VERSION,FIXED_FLAG,PAX_TYPE)
VALUES
('XF1','a fixed booking code','I','N',NULL,'Test','ACT',NULL,NULL,NULL,NULL,0,'Y','ADULT');

INSERT INTO t_booking_class
(BOOKING_CODE,BOOKING_CODE_DESCRIPTION,CABIN_CLASS_CODE,STANDARD_CODE,NEST_RANK,REMARKS,STATUS,CREATED_BY,CREATED_DATE,MODIFIED_BY,MODIFIED_DATE,VERSION,FIXED_FLAG,PAX_TYPE)
VALUES
('BS1','a standard booking code','I','Y',200,'Test','ACT',NULL,NULL,NULL,NULL,0,'N','ADULT');
INSERT INTO t_booking_class
(BOOKING_CODE,BOOKING_CODE_DESCRIPTION,CABIN_CLASS_CODE,STANDARD_CODE,NEST_RANK,REMARKS,STATUS,CREATED_BY,CREATED_DATE,MODIFIED_BY,MODIFIED_DATE,VERSION,FIXED_FLAG,PAX_TYPE)
VALUES
('BS2','a standard booking code','I','Y',201,'Test','ACT',NULL,NULL,NULL,NULL,0,'N','ADULT');
INSERT INTO t_booking_class
(BOOKING_CODE,BOOKING_CODE_DESCRIPTION,CABIN_CLASS_CODE,STANDARD_CODE,NEST_RANK,REMARKS,STATUS,CREATED_BY,CREATED_DATE,MODIFIED_BY,MODIFIED_DATE,VERSION,FIXED_FLAG,PAX_TYPE)
VALUES
('BN1','a non-standard booking code','I','N',NULL,'Test','ACT',NULL,NULL,NULL,NULL,0,'N','ADULT');
INSERT INTO t_booking_class
(BOOKING_CODE,BOOKING_CODE_DESCRIPTION,CABIN_CLASS_CODE,STANDARD_CODE,NEST_RANK,REMARKS,STATUS,CREATED_BY,CREATED_DATE,MODIFIED_BY,MODIFIED_DATE,VERSION,FIXED_FLAG,PAX_TYPE)
VALUES
('BN2','a non-standard booking code','I','N',NULL,'Test','ACT',NULL,NULL,NULL,NULL,0,'N','ADULT');
INSERT INTO t_booking_class
(BOOKING_CODE,BOOKING_CODE_DESCRIPTION,CABIN_CLASS_CODE,STANDARD_CODE,NEST_RANK,REMARKS,STATUS,CREATED_BY,CREATED_DATE,MODIFIED_BY,MODIFIED_DATE,VERSION,FIXED_FLAG,PAX_TYPE)
VALUES
('BF1','a fixed booking code','I','N',NULL,'Test','ACT',NULL,NULL,NULL,NULL,0,'Y','ADULT');
INSERT INTO t_booking_class
(BOOKING_CODE,BOOKING_CODE_DESCRIPTION,CABIN_CLASS_CODE,STANDARD_CODE,NEST_RANK,REMARKS,STATUS,CREATED_BY,CREATED_DATE,MODIFIED_BY,MODIFIED_DATE,VERSION,FIXED_FLAG,PAX_TYPE)
VALUES
('BF2','a fixed booking code','I','N',NULL,'Test','ACT',NULL,NULL,NULL,NULL,0,'Y','ADULT');

INSERT INTO t_booking_class
(BOOKING_CODE,BOOKING_CODE_DESCRIPTION,CABIN_CLASS_CODE,STANDARD_CODE,NEST_RANK,REMARKS,STATUS,CREATED_BY,CREATED_DATE,MODIFIED_BY,MODIFIED_DATE,VERSION,FIXED_FLAG,PAX_TYPE)
VALUES
('YS1','a standard booking code','I','Y',300,'Test','ACT',NULL,NULL,NULL,NULL,0,'N','ADULT');

INSERT INTO t_booking_class
(BOOKING_CODE,BOOKING_CODE_DESCRIPTION,CABIN_CLASS_CODE,STANDARD_CODE,NEST_RANK,REMARKS,STATUS,CREATED_BY,CREATED_DATE,MODIFIED_BY,MODIFIED_DATE,VERSION,FIXED_FLAG,PAX_TYPE)
VALUES
('YS2','a standard booking code','I','Y',301,'Test','ACT',NULL,NULL,NULL,NULL,0,'N','ADULT');

INSERT INTO t_fcc_alloc
(FCCA_ID,FLIGHT_ID,CABIN_CLASS_CODE,ACTUAL_CAPACITY,VERSION,INFANT_CAPACITY)
VALUES
(9000,9000,'I',150,0,15);

INSERT INTO t_fcc_alloc
(FCCA_ID,FLIGHT_ID,CABIN_CLASS_CODE,ACTUAL_CAPACITY,VERSION,INFANT_CAPACITY)
VALUES
(9001,9001,'I',150,0,15);

INSERT INTO t_fcc_alloc
(FCCA_ID,FLIGHT_ID,CABIN_CLASS_CODE,ACTUAL_CAPACITY,VERSION,INFANT_CAPACITY)
VALUES
(9100,9100,'I',150,0,15);

INSERT INTO t_fcc_alloc
(FCCA_ID,FLIGHT_ID,CABIN_CLASS_CODE,ACTUAL_CAPACITY,VERSION,INFANT_CAPACITY)
VALUES
(9101,9101,'I',150,0,15);

INSERT INTO t_fcc_alloc
(FCCA_ID,FLIGHT_ID,CABIN_CLASS_CODE,ACTUAL_CAPACITY,VERSION,INFANT_CAPACITY)
VALUES
(9110,9110,'I',160,0,20);

INSERT INTO t_fcc_alloc
(FCCA_ID,FLIGHT_ID,CABIN_CLASS_CODE,ACTUAL_CAPACITY,VERSION,INFANT_CAPACITY)
VALUES
(9120,9120,'I',160,0,20);
-- create invn
INSERT INTO t_fcc_alloc
(FCCA_ID,FLIGHT_ID,CABIN_CLASS_CODE,ACTUAL_CAPACITY,VERSION,INFANT_CAPACITY)
VALUES
(9132,9132,'I',145,0,5);
-- end create invn
INSERT INTO t_fcc_alloc
(FCCA_ID,FLIGHT_ID,CABIN_CLASS_CODE,ACTUAL_CAPACITY,VERSION,INFANT_CAPACITY)
VALUES
(9150,9150,'I',150,0,15);

-- testing roll forwarding 
INSERT INTO t_fcc_alloc
(FCCA_ID,FLIGHT_ID,CABIN_CLASS_CODE,ACTUAL_CAPACITY,VERSION,INFANT_CAPACITY)
VALUES
(9160,9160,'I',160,0,20);

INSERT INTO t_fcc_alloc
(FCCA_ID,FLIGHT_ID,CABIN_CLASS_CODE,ACTUAL_CAPACITY,VERSION,INFANT_CAPACITY)
VALUES
(9161,9161,'I',160,0,20);

INSERT INTO t_fcc_alloc
(FCCA_ID,FLIGHT_ID,CABIN_CLASS_CODE,ACTUAL_CAPACITY,VERSION,INFANT_CAPACITY)
VALUES
(9162,9162,'I',160,0,20);

INSERT INTO t_fcc_alloc
(FCCA_ID,FLIGHT_ID,CABIN_CLASS_CODE,ACTUAL_CAPACITY,VERSION,INFANT_CAPACITY)
VALUES
(9163,9163,'I',160,0,20);

INSERT INTO t_fcc_alloc
(FCCA_ID,FLIGHT_ID,CABIN_CLASS_CODE,ACTUAL_CAPACITY,VERSION,INFANT_CAPACITY)
VALUES
(9164,9164,'I',160,0,20);
-- For testing roll forwarding 
-- for testing manage inventory
INSERT INTO t_fcc_alloc
(FCCA_ID,FLIGHT_ID,CABIN_CLASS_CODE,ACTUAL_CAPACITY,VERSION,INFANT_CAPACITY)
VALUES
(9170,9170,'I',160,0,20);
INSERT INTO t_fcc_alloc
(FCCA_ID,FLIGHT_ID,CABIN_CLASS_CODE,ACTUAL_CAPACITY,VERSION,INFANT_CAPACITY)
VALUES
(9171,9171,'I',160,0,20);
-- end for testing manage inventory
-- update invn
INSERT INTO t_fcc_alloc
(FCCA_ID,FLIGHT_ID,CABIN_CLASS_CODE,ACTUAL_CAPACITY,VERSION,INFANT_CAPACITY)
VALUES
(9180,9180,'I',145,0,5);
-- end update invn

INSERT INTO t_fcc_alloc
(FCCA_ID,FLIGHT_ID,CABIN_CLASS_CODE,ACTUAL_CAPACITY,VERSION,INFANT_CAPACITY)
VALUES
(9200,9200,'I',150,0,15);

INSERT INTO t_fcc_alloc
(FCCA_ID,FLIGHT_ID,CABIN_CLASS_CODE,ACTUAL_CAPACITY,VERSION,INFANT_CAPACITY)
VALUES
(9201,9201,'I',160,0,20);

INSERT INTO t_fcc_alloc
(FCCA_ID,FLIGHT_ID,CABIN_CLASS_CODE,ACTUAL_CAPACITY,VERSION,INFANT_CAPACITY)
VALUES
(9300,9300,'I',160,0,20);

INSERT INTO t_fcc_alloc
(FCCA_ID,FLIGHT_ID,CABIN_CLASS_CODE,ACTUAL_CAPACITY,VERSION,INFANT_CAPACITY)
VALUES
(9510,9510,'I',160,0,20);

INSERT INTO t_fcc_alloc
(FCCA_ID,FLIGHT_ID,CABIN_CLASS_CODE,ACTUAL_CAPACITY,VERSION,INFANT_CAPACITY)
VALUES
(9501,9501,'I',160,0,20);

--Testing Transfer Seats

INSERT INTO t_fcc_alloc
(FCCA_ID,FLIGHT_ID,CABIN_CLASS_CODE,ACTUAL_CAPACITY,VERSION,INFANT_CAPACITY)
VALUES
(9551,9551,'I',160,0,20);

--End Testing Transfer Seats

--Testing Block Seats

INSERT INTO t_fcc_alloc
(FCCA_ID,FLIGHT_ID,CABIN_CLASS_CODE,ACTUAL_CAPACITY,VERSION,INFANT_CAPACITY)
VALUES
(9561,9561,'I',160,0,20);

--End Testing Block Seats

--Testing Move Block Seats to Sold

INSERT INTO t_fcc_alloc
(FCCA_ID,FLIGHT_ID,CABIN_CLASS_CODE,ACTUAL_CAPACITY,VERSION,INFANT_CAPACITY)
VALUES
(9563,9563,'I',160,0,20);

--End Testing Move Block Seats to Sold

INSERT INTO t_fcc_seg_alloc
(FCCSA_ID,FCCA_ID,SEGMENT_CODE,ALLOCATED_SEATS,OVERSELL_SEATS,ON_HOLD_SEATS,SOLD_SEATS,FIXED_SEATS, VERSION,AVAILABLE_SEATS,INFANT_ALLOCATION,SOLD_INFANT_SEATS,ONHOLD_INFANT_SEATS,CURTAILED_SEATS,FLIGHT_ID,CABIN_CLASS_CODE, VALID_FLAG)
VALUES
(9000,9000,'CMB/SHJ',150,0,0,0,0,0,150,15,0,0,0,9000,'I','Y');
INSERT INTO t_fcc_seg_alloc
(FCCSA_ID,FCCA_ID,SEGMENT_CODE,ALLOCATED_SEATS,OVERSELL_SEATS,ON_HOLD_SEATS,SOLD_SEATS,FIXED_SEATS, VERSION,AVAILABLE_SEATS,INFANT_ALLOCATION,SOLD_INFANT_SEATS,ONHOLD_INFANT_SEATS,CURTAILED_SEATS,FLIGHT_ID,CABIN_CLASS_CODE, VALID_FLAG)
VALUES
(9001,9001,'CMB/SHJ',150,0,0,0,0,0,150,15,0,0,0,9001,'I','Y');

INSERT INTO t_fcc_seg_alloc
(FCCSA_ID,FCCA_ID,SEGMENT_CODE,ALLOCATED_SEATS,OVERSELL_SEATS,ON_HOLD_SEATS,SOLD_SEATS,FIXED_SEATS, VERSION,AVAILABLE_SEATS,INFANT_ALLOCATION,SOLD_INFANT_SEATS,ONHOLD_INFANT_SEATS,CURTAILED_SEATS,FLIGHT_ID,CABIN_CLASS_CODE, VALID_FLAG,OVERLAPPING_FLIGHT_ID)
VALUES
(9100,9100,'SHJ/SSH',150,0,0,0,0,0,150,15,0,0,0,9100,'I','Y',9101);
INSERT INTO t_fcc_seg_alloc
(FCCSA_ID,FCCA_ID,SEGMENT_CODE,ALLOCATED_SEATS,OVERSELL_SEATS,ON_HOLD_SEATS,SOLD_SEATS,FIXED_SEATS, VERSION,AVAILABLE_SEATS,INFANT_ALLOCATION,SOLD_INFANT_SEATS,ONHOLD_INFANT_SEATS,CURTAILED_SEATS,FLIGHT_ID,CABIN_CLASS_CODE, VALID_FLAG,OVERLAPPING_FLIGHT_ID)
VALUES
(9101,9100,'SSH/LXR',150,0,0,0,0,0,150,15,0,0,0,9100,'I','Y',9101);
INSERT INTO t_fcc_seg_alloc
(FCCSA_ID,FCCA_ID,SEGMENT_CODE,ALLOCATED_SEATS,OVERSELL_SEATS,ON_HOLD_SEATS,SOLD_SEATS,FIXED_SEATS, VERSION,AVAILABLE_SEATS,INFANT_ALLOCATION,SOLD_INFANT_SEATS,ONHOLD_INFANT_SEATS,CURTAILED_SEATS,FLIGHT_ID,CABIN_CLASS_CODE, VALID_FLAG,OVERLAPPING_FLIGHT_ID)
VALUES
(9102,9100,'SHJ/SSH/LXR',150,0,0,0,0,0,150,15,0,0,0,9100,'I','Y',9101);
INSERT INTO t_fcc_seg_alloc
(FCCSA_ID,FCCA_ID,SEGMENT_CODE,ALLOCATED_SEATS,OVERSELL_SEATS,ON_HOLD_SEATS,SOLD_SEATS,FIXED_SEATS, VERSION,AVAILABLE_SEATS,INFANT_ALLOCATION,SOLD_INFANT_SEATS,ONHOLD_INFANT_SEATS,CURTAILED_SEATS,FLIGHT_ID,CABIN_CLASS_CODE, VALID_FLAG,OVERLAPPING_FLIGHT_ID)
VALUES
(9103,9101,'SSH/LXR',150,0,0,0,0,0,150,15,0,0,0,9101,'I','Y',9100);
INSERT INTO t_fcc_seg_alloc
(FCCSA_ID,FCCA_ID,SEGMENT_CODE,ALLOCATED_SEATS,OVERSELL_SEATS,ON_HOLD_SEATS,SOLD_SEATS,FIXED_SEATS, VERSION,AVAILABLE_SEATS,INFANT_ALLOCATION,SOLD_INFANT_SEATS,ONHOLD_INFANT_SEATS,CURTAILED_SEATS,FLIGHT_ID,CABIN_CLASS_CODE, VALID_FLAG,OVERLAPPING_FLIGHT_ID)
VALUES
(9104,9101,'LXR/BEY',150,0,0,0,0,0,150,15,0,0,0,9101,'I','Y',9100);
INSERT INTO t_fcc_seg_alloc
(FCCSA_ID,FCCA_ID,SEGMENT_CODE,ALLOCATED_SEATS,OVERSELL_SEATS,ON_HOLD_SEATS,SOLD_SEATS,FIXED_SEATS, VERSION,AVAILABLE_SEATS,INFANT_ALLOCATION,SOLD_INFANT_SEATS,ONHOLD_INFANT_SEATS,CURTAILED_SEATS,FLIGHT_ID,CABIN_CLASS_CODE, VALID_FLAG,OVERLAPPING_FLIGHT_ID)
VALUES
(9105,9101,'SSH/LXR/BEY',150,0,0,0,0,0,150,15,0,0,0,9101,'I','Y',9100);

INSERT INTO t_fcc_seg_alloc
(FCCSA_ID,FCCA_ID,SEGMENT_CODE,ALLOCATED_SEATS,OVERSELL_SEATS,ON_HOLD_SEATS,SOLD_SEATS,FIXED_SEATS, VERSION,AVAILABLE_SEATS,INFANT_ALLOCATION,SOLD_INFANT_SEATS,ONHOLD_INFANT_SEATS,CURTAILED_SEATS,FLIGHT_ID,CABIN_CLASS_CODE, VALID_FLAG,OVERLAPPING_FLIGHT_ID)
VALUES
(9110,9110,'SHJ/SSH',160,0,0,0,0,0,160,20,0,0,0,9110,'I','Y',NULL);
INSERT INTO t_fcc_seg_alloc
(FCCSA_ID,FCCA_ID,SEGMENT_CODE,ALLOCATED_SEATS,OVERSELL_SEATS,ON_HOLD_SEATS,SOLD_SEATS,FIXED_SEATS, VERSION,AVAILABLE_SEATS,INFANT_ALLOCATION,SOLD_INFANT_SEATS,ONHOLD_INFANT_SEATS,CURTAILED_SEATS,FLIGHT_ID,CABIN_CLASS_CODE, VALID_FLAG,OVERLAPPING_FLIGHT_ID)
VALUES
(9111,9110,'SSH/LXR',160,0,0,0,0,0,160,20,0,0,0,9110,'I','Y',NULL);
INSERT INTO t_fcc_seg_alloc
(FCCSA_ID,FCCA_ID,SEGMENT_CODE,ALLOCATED_SEATS,OVERSELL_SEATS,ON_HOLD_SEATS,SOLD_SEATS,FIXED_SEATS, VERSION,AVAILABLE_SEATS,INFANT_ALLOCATION,SOLD_INFANT_SEATS,ONHOLD_INFANT_SEATS,CURTAILED_SEATS,FLIGHT_ID,CABIN_CLASS_CODE, VALID_FLAG,OVERLAPPING_FLIGHT_ID)
VALUES
(9112,9110,'SHJ/SSH/LXR',160,0,0,0,0,0,160,20,0,0,0,9110,'I','Y',NULL);

INSERT INTO t_fcc_seg_alloc
(FCCSA_ID,FCCA_ID,SEGMENT_CODE,ALLOCATED_SEATS,OVERSELL_SEATS,ON_HOLD_SEATS,SOLD_SEATS,FIXED_SEATS, VERSION,AVAILABLE_SEATS,INFANT_ALLOCATION,SOLD_INFANT_SEATS,ONHOLD_INFANT_SEATS,CURTAILED_SEATS,FLIGHT_ID,CABIN_CLASS_CODE, VALID_FLAG,OVERLAPPING_FLIGHT_ID)
VALUES
(9120,9120,'SHJ/SSH',160,0,10,0,0,0,120,20,0,0,0,9120,'I','Y',NULL);
INSERT INTO t_fcc_seg_alloc
(FCCSA_ID,FCCA_ID,SEGMENT_CODE,ALLOCATED_SEATS,OVERSELL_SEATS,ON_HOLD_SEATS,SOLD_SEATS,FIXED_SEATS, VERSION,AVAILABLE_SEATS,INFANT_ALLOCATION,SOLD_INFANT_SEATS,ONHOLD_INFANT_SEATS,CURTAILED_SEATS,FLIGHT_ID,CABIN_CLASS_CODE, VALID_FLAG,OVERLAPPING_FLIGHT_ID)
VALUES
(9121,9120,'SSH/LXR',160,0,5,5,10,0,120,20,0,0,0,9120,'I','Y',NULL);
INSERT INTO t_fcc_seg_alloc
(FCCSA_ID,FCCA_ID,SEGMENT_CODE,ALLOCATED_SEATS,OVERSELL_SEATS,ON_HOLD_SEATS,SOLD_SEATS,FIXED_SEATS, VERSION,AVAILABLE_SEATS,INFANT_ALLOCATION,SOLD_INFANT_SEATS,ONHOLD_INFANT_SEATS,CURTAILED_SEATS,FLIGHT_ID,CABIN_CLASS_CODE, VALID_FLAG,OVERLAPPING_FLIGHT_ID)
VALUES
(9122,9120,'SHJ/SSH/LXR',160,0,0,0,30,0,130,20,0,0,0,9120,'I','Y',NULL);

-- inventory creation
INSERT INTO t_fcc_seg_alloc
(FCCSA_ID,FCCA_ID,FLIGHT_ID,CABIN_CLASS_CODE,SEGMENT_CODE,ALLOCATED_SEATS,OVERSELL_SEATS,CURTAILED_SEATS,INFANT_ALLOCATION,
SOLD_SEATS,SOLD_INFANT_SEATS,ON_HOLD_SEATS,ONHOLD_INFANT_SEATS,FIXED_SEATS, 
AVAILABLE_SEATS, VALID_FLAG, VERSION)
VALUES
(9132,9132,9132,'I','SSH/LXR',145,0,0,5,
10,0,0,0,0,
135,'Y',0);
INSERT INTO t_fcc_seg_alloc
(FCCSA_ID,FCCA_ID,FLIGHT_ID,CABIN_CLASS_CODE,SEGMENT_CODE,ALLOCATED_SEATS,OVERSELL_SEATS,CURTAILED_SEATS,INFANT_ALLOCATION,
SOLD_SEATS,SOLD_INFANT_SEATS,ON_HOLD_SEATS,ONHOLD_INFANT_SEATS,FIXED_SEATS, 
AVAILABLE_SEATS, VALID_FLAG, VERSION)
VALUES
(9133,9132,9132,'I','SSH/LXR/BEY',145,0,0,5,
0,0,0,0,0,
135,'Y',0);
INSERT INTO t_fcc_seg_alloc
(FCCSA_ID,FCCA_ID,FLIGHT_ID,CABIN_CLASS_CODE,SEGMENT_CODE,ALLOCATED_SEATS,OVERSELL_SEATS,CURTAILED_SEATS,INFANT_ALLOCATION,
SOLD_SEATS,SOLD_INFANT_SEATS,ON_HOLD_SEATS,ONHOLD_INFANT_SEATS,FIXED_SEATS, 
AVAILABLE_SEATS, VALID_FLAG, VERSION)
VALUES
(9134,9132,9132,'I','LXR/BEY',145,0,0,5,
0,0,0,0,0,
145,'Y',0);
-- end inventory creation

INSERT INTO t_fcc_seg_alloc
(FCCSA_ID,FCCA_ID,SEGMENT_CODE,ALLOCATED_SEATS,OVERSELL_SEATS,ON_HOLD_SEATS,SOLD_SEATS,FIXED_SEATS, VERSION,AVAILABLE_SEATS,INFANT_ALLOCATION,SOLD_INFANT_SEATS,ONHOLD_INFANT_SEATS,CURTAILED_SEATS,FLIGHT_ID,CABIN_CLASS_CODE, VALID_FLAG)
VALUES
(9150,9150,'CMB/SHJ',150,0,0,0,0,0,150,15,0,0,0,9150,'I','Y');
-- For testing roll forwarding
INSERT INTO t_fcc_seg_alloc
(FCCSA_ID,FCCA_ID,SEGMENT_CODE,ALLOCATED_SEATS,OVERSELL_SEATS,ON_HOLD_SEATS,SOLD_SEATS,FIXED_SEATS, VERSION,AVAILABLE_SEATS,INFANT_ALLOCATION,SOLD_INFANT_SEATS,ONHOLD_INFANT_SEATS,CURTAILED_SEATS,FLIGHT_ID,CABIN_CLASS_CODE, VALID_FLAG)
VALUES
(9160,9160,'CMB/SHJ',160,10,0,10,0,0,160,20,0,0,0,9160,'I','Y');

INSERT INTO t_fcc_seg_alloc
(FCCSA_ID,FCCA_ID,SEGMENT_CODE,ALLOCATED_SEATS,OVERSELL_SEATS,ON_HOLD_SEATS,SOLD_SEATS,FIXED_SEATS, VERSION,AVAILABLE_SEATS,INFANT_ALLOCATION,SOLD_INFANT_SEATS,ONHOLD_INFANT_SEATS,CURTAILED_SEATS,FLIGHT_ID,CABIN_CLASS_CODE, VALID_FLAG)
VALUES
(9161,9161,'CMB/SHJ',160,0,0,0,0,0,160,20,0,0,0,9161,'I','Y');

INSERT INTO t_fcc_seg_alloc
(FCCSA_ID,FCCA_ID,SEGMENT_CODE,ALLOCATED_SEATS,OVERSELL_SEATS,ON_HOLD_SEATS,SOLD_SEATS,FIXED_SEATS, VERSION,AVAILABLE_SEATS,INFANT_ALLOCATION,SOLD_INFANT_SEATS,ONHOLD_INFANT_SEATS,CURTAILED_SEATS,FLIGHT_ID,CABIN_CLASS_CODE, VALID_FLAG)
VALUES
(9162,9162,'CMB/SHJ',160,0,0,0,0,0,160,20,0,0,0,9162,'I','Y');

INSERT INTO t_fcc_seg_alloc
(FCCSA_ID,FCCA_ID,SEGMENT_CODE,ALLOCATED_SEATS,OVERSELL_SEATS,ON_HOLD_SEATS,SOLD_SEATS,FIXED_SEATS, VERSION,AVAILABLE_SEATS,INFANT_ALLOCATION,SOLD_INFANT_SEATS,ONHOLD_INFANT_SEATS,CURTAILED_SEATS,FLIGHT_ID,CABIN_CLASS_CODE, VALID_FLAG)
VALUES
(9163,9163,'CMB/SHJ',160,0,0,5,0,0,160,20,0,0,0,9163,'I','Y');

INSERT INTO t_fcc_seg_alloc
(FCCSA_ID,FCCA_ID,SEGMENT_CODE,ALLOCATED_SEATS,OVERSELL_SEATS,ON_HOLD_SEATS,SOLD_SEATS,FIXED_SEATS, VERSION,AVAILABLE_SEATS,INFANT_ALLOCATION,SOLD_INFANT_SEATS,ONHOLD_INFANT_SEATS,CURTAILED_SEATS,FLIGHT_ID,CABIN_CLASS_CODE, VALID_FLAG)
VALUES
(9164,9164,'CMB/SHJ',160,0,0,0,0,0,160,20,0,0,0,9164,'I','Y');
-- For testing roll forwarding 
-- for testing manage inventory
INSERT INTO t_fcc_seg_alloc
(FCCSA_ID,FCCA_ID,SEGMENT_CODE,ALLOCATED_SEATS,OVERSELL_SEATS,ON_HOLD_SEATS,SOLD_SEATS,FIXED_SEATS, VERSION,AVAILABLE_SEATS,INFANT_ALLOCATION,SOLD_INFANT_SEATS,ONHOLD_INFANT_SEATS,CURTAILED_SEATS,FLIGHT_ID,CABIN_CLASS_CODE, VALID_FLAG)
VALUES
(9170,9170,'CMB/DEL',160,0,0,0,0,0,160,20,0,0,0,9170,'I','Y');
INSERT INTO t_fcc_seg_alloc
(FCCSA_ID,FCCA_ID,SEGMENT_CODE,ALLOCATED_SEATS,OVERSELL_SEATS,ON_HOLD_SEATS,SOLD_SEATS,FIXED_SEATS, VERSION,AVAILABLE_SEATS,INFANT_ALLOCATION,SOLD_INFANT_SEATS,ONHOLD_INFANT_SEATS,CURTAILED_SEATS,FLIGHT_ID,CABIN_CLASS_CODE, VALID_FLAG)
VALUES
(9171,9170,'DEL/KHI',160,0,0,0,0,0,160,20,0,0,0,9170,'I','Y');
INSERT INTO t_fcc_seg_alloc
(FCCSA_ID,FCCA_ID,SEGMENT_CODE,ALLOCATED_SEATS,OVERSELL_SEATS,ON_HOLD_SEATS,SOLD_SEATS,FIXED_SEATS, VERSION,AVAILABLE_SEATS,INFANT_ALLOCATION,SOLD_INFANT_SEATS,ONHOLD_INFANT_SEATS,CURTAILED_SEATS,FLIGHT_ID,CABIN_CLASS_CODE, VALID_FLAG)
VALUES
(9172,9170,'CMB/DEL/KHI',160,0,0,0,0,0,160,20,0,0,0,9170,'I','Y');

INSERT INTO t_fcc_seg_alloc
(FCCSA_ID,FCCA_ID,SEGMENT_CODE,ALLOCATED_SEATS,OVERSELL_SEATS,ON_HOLD_SEATS,SOLD_SEATS,FIXED_SEATS, VERSION,AVAILABLE_SEATS,INFANT_ALLOCATION,SOLD_INFANT_SEATS,ONHOLD_INFANT_SEATS,CURTAILED_SEATS,FLIGHT_ID,CABIN_CLASS_CODE, VALID_FLAG)
VALUES
(9173,9171,'DEL/KHI',160,0,0,0,0,0,160,20,0,0,0,9171,'I','Y');
INSERT INTO t_fcc_seg_alloc
(FCCSA_ID,FCCA_ID,SEGMENT_CODE,ALLOCATED_SEATS,OVERSELL_SEATS,ON_HOLD_SEATS,SOLD_SEATS,FIXED_SEATS, VERSION,AVAILABLE_SEATS,INFANT_ALLOCATION,SOLD_INFANT_SEATS,ONHOLD_INFANT_SEATS,CURTAILED_SEATS,FLIGHT_ID,CABIN_CLASS_CODE, VALID_FLAG)
VALUES
(9174,9171,'KHI/CMB',160,0,0,0,0,0,160,20,0,0,0,9171,'I','Y');
INSERT INTO t_fcc_seg_alloc
(FCCSA_ID,FCCA_ID,SEGMENT_CODE,ALLOCATED_SEATS,OVERSELL_SEATS,ON_HOLD_SEATS,SOLD_SEATS,FIXED_SEATS, VERSION,AVAILABLE_SEATS,INFANT_ALLOCATION,SOLD_INFANT_SEATS,ONHOLD_INFANT_SEATS,CURTAILED_SEATS,FLIGHT_ID,CABIN_CLASS_CODE, VALID_FLAG)
VALUES
(9175,9171,'DEL/KHI/CMB',160,0,0,0,0,0,160,20,0,0,0,9171,'I','Y');
-- end for testing manage inventory

-- update invn
INSERT INTO t_fcc_seg_alloc
(FCCSA_ID,FCCA_ID,FLIGHT_ID,CABIN_CLASS_CODE,SEGMENT_CODE,ALLOCATED_SEATS,OVERSELL_SEATS,CURTAILED_SEATS,INFANT_ALLOCATION,
SOLD_SEATS,SOLD_INFANT_SEATS,ON_HOLD_SEATS,ONHOLD_INFANT_SEATS,FIXED_SEATS, 
AVAILABLE_SEATS, VALID_FLAG, VERSION)
VALUES
(9180,9180,9180,'I','CMB/SHJ',145,0,0,5,
10,0,0,0,0,
145,'Y',0);
INSERT INTO t_fcc_seg_alloc
(FCCSA_ID,FCCA_ID,FLIGHT_ID,CABIN_CLASS_CODE,SEGMENT_CODE,ALLOCATED_SEATS,OVERSELL_SEATS,CURTAILED_SEATS,INFANT_ALLOCATION,
SOLD_SEATS,SOLD_INFANT_SEATS,ON_HOLD_SEATS,ONHOLD_INFANT_SEATS,FIXED_SEATS, 
AVAILABLE_SEATS, VALID_FLAG, VERSION)
VALUES
(9181,9180,9180,'I','CMB/SHJ/DOH',145,0,0,5,
0,0,0,0,0,
115,'Y',0);
INSERT INTO t_fcc_seg_alloc
(FCCSA_ID,FCCA_ID,FLIGHT_ID,CABIN_CLASS_CODE,SEGMENT_CODE,ALLOCATED_SEATS,OVERSELL_SEATS,CURTAILED_SEATS,INFANT_ALLOCATION,
SOLD_SEATS,SOLD_INFANT_SEATS,ON_HOLD_SEATS,ONHOLD_INFANT_SEATS,FIXED_SEATS, 
AVAILABLE_SEATS, VALID_FLAG, VERSION)
VALUES
(9182,9180,9180,'I','CMB/SHJ/DOH',145,0,0,5,
0,0,0,0,0,
145,'Y',0);
-- end update invn

INSERT INTO t_fcc_seg_alloc
(FCCSA_ID,FCCA_ID,SEGMENT_CODE,ALLOCATED_SEATS,OVERSELL_SEATS,ON_HOLD_SEATS,SOLD_SEATS,FIXED_SEATS, VERSION,AVAILABLE_SEATS,INFANT_ALLOCATION,SOLD_INFANT_SEATS,ONHOLD_INFANT_SEATS,CURTAILED_SEATS,FLIGHT_ID,CABIN_CLASS_CODE, VALID_FLAG)
VALUES
(9200,9200,'CMB/SHJ',150,0,0,5,0,0,160,15,0,0,0,9200,'I','Y');

INSERT INTO t_fcc_seg_alloc
(FCCSA_ID,FCCA_ID,SEGMENT_CODE,ALLOCATED_SEATS,OVERSELL_SEATS,ON_HOLD_SEATS,SOLD_SEATS,FIXED_SEATS, VERSION,AVAILABLE_SEATS,INFANT_ALLOCATION,SOLD_INFANT_SEATS,ONHOLD_INFANT_SEATS,CURTAILED_SEATS,FLIGHT_ID,CABIN_CLASS_CODE, VALID_FLAG)
VALUES
(9201,9201,'SHJ/SSH',160,10,5,5,0,0,135,20,2,1,5,9201,'I','Y');

INSERT INTO t_fcc_seg_alloc
(FCCSA_ID,FCCA_ID,SEGMENT_CODE,ALLOCATED_SEATS,OVERSELL_SEATS,ON_HOLD_SEATS,SOLD_SEATS,FIXED_SEATS, VERSION,AVAILABLE_SEATS,INFANT_ALLOCATION,SOLD_INFANT_SEATS,ONHOLD_INFANT_SEATS,CURTAILED_SEATS,FLIGHT_ID,CABIN_CLASS_CODE, VALID_FLAG)
VALUES
(9202,9201,'SSH/LXR',160,10,0,10,0,0,120,20,0,0,20,9201,'I','Y');

--INSERT INTO t_fcc_seg_alloc
--(FCCSA_ID,FCCA_ID,SEGMENT_CODE,ALLOCATED_SEATS,OVERSELL_SEATS,ON_HOLD_SEATS,SOLD_SEATS,FIXED_SEATS, VERSION,AVAILABLE_SEATS,INFANT_ALLOCATION,SOLD_INFANT_SEATS,ONHOLD_INFANT_SEATS,CURTAILED_SEATS,FLIGHT_ID,CABIN_CLASS_CODE, VALID_FLAG)
--VALUES
--(9203,9203,'CMB/SHJ',150,0,0,0,0,0,160,10,0,0,0,9201,'I','Y');


INSERT INTO t_fcc_seg_alloc
(FCCSA_ID,FCCA_ID,SEGMENT_CODE,ALLOCATED_SEATS,OVERSELL_SEATS,ON_HOLD_SEATS,SOLD_SEATS,FIXED_SEATS, VERSION,AVAILABLE_SEATS,INFANT_ALLOCATION,SOLD_INFANT_SEATS,ONHOLD_INFANT_SEATS,CURTAILED_SEATS,FLIGHT_ID,CABIN_CLASS_CODE, VALID_FLAG)
VALUES
(9203,9201,'SHJ/SSH/LXR',160,10,0,20,0,0,110,20,0,0,20,9201,'I','Y');

INSERT INTO t_fcc_seg_alloc
(FCCSA_ID,FCCA_ID,SEGMENT_CODE,ALLOCATED_SEATS,OVERSELL_SEATS,ON_HOLD_SEATS,SOLD_SEATS,FIXED_SEATS, VERSION,AVAILABLE_SEATS,INFANT_ALLOCATION,SOLD_INFANT_SEATS,ONHOLD_INFANT_SEATS,CURTAILED_SEATS,FLIGHT_ID,CABIN_CLASS_CODE, VALID_FLAG)
VALUES
(9300,9300,'CMB/SHJ',160,10,0,20,0,0,110,20,0,0,20,9300,'I','Y');

INSERT INTO t_fcc_seg_alloc
(FCCSA_ID,FCCA_ID,SEGMENT_CODE,ALLOCATED_SEATS,OVERSELL_SEATS,ON_HOLD_SEATS,SOLD_SEATS,FIXED_SEATS, VERSION,AVAILABLE_SEATS,INFANT_ALLOCATION,SOLD_INFANT_SEATS,ONHOLD_INFANT_SEATS,CURTAILED_SEATS,FLIGHT_ID,CABIN_CLASS_CODE, VALID_FLAG,OVERLAPPING_FLIGHT_ID)
VALUES
(9510,9510,'SHJ/SSH',160,0,0,0,0,0,160,20,0,0,0,9510,'I','Y',NULL);
INSERT INTO t_fcc_seg_alloc
(FCCSA_ID,FCCA_ID,SEGMENT_CODE,ALLOCATED_SEATS,OVERSELL_SEATS,ON_HOLD_SEATS,SOLD_SEATS,FIXED_SEATS, VERSION,AVAILABLE_SEATS,INFANT_ALLOCATION,SOLD_INFANT_SEATS,ONHOLD_INFANT_SEATS,CURTAILED_SEATS,FLIGHT_ID,CABIN_CLASS_CODE, VALID_FLAG,OVERLAPPING_FLIGHT_ID)
VALUES
(9511,9510,'SSH/LXR',160,0,0,0,0,0,160,20,0,0,0,9510,'I','Y',NULL);
INSERT INTO t_fcc_seg_alloc
(FCCSA_ID,FCCA_ID,SEGMENT_CODE,ALLOCATED_SEATS,OVERSELL_SEATS,ON_HOLD_SEATS,SOLD_SEATS,FIXED_SEATS, VERSION,AVAILABLE_SEATS,INFANT_ALLOCATION,SOLD_INFANT_SEATS,ONHOLD_INFANT_SEATS,CURTAILED_SEATS,FLIGHT_ID,CABIN_CLASS_CODE, VALID_FLAG,OVERLAPPING_FLIGHT_ID)
VALUES
(9512,9510,'SHJ/SSH/LXR',160,0,0,0,0,0,160,20,0,0,0,9510,'I','Y',NULL);


INSERT INTO t_fcc_seg_alloc
(FCCSA_ID,FCCA_ID,SEGMENT_CODE,ALLOCATED_SEATS,OVERSELL_SEATS,ON_HOLD_SEATS,SOLD_SEATS,FIXED_SEATS, VERSION,AVAILABLE_SEATS,INFANT_ALLOCATION,SOLD_INFANT_SEATS,ONHOLD_INFANT_SEATS,CURTAILED_SEATS,FLIGHT_ID,CABIN_CLASS_CODE, VALID_FLAG)
VALUES
(9501,9501,'SHJ/SSH',160,10,5,5,0,0,135,20,2,1,5,9501,'I','Y');
INSERT INTO t_fcc_seg_alloc
(FCCSA_ID,FCCA_ID,SEGMENT_CODE,ALLOCATED_SEATS,OVERSELL_SEATS,ON_HOLD_SEATS,SOLD_SEATS,FIXED_SEATS, VERSION,AVAILABLE_SEATS,INFANT_ALLOCATION,SOLD_INFANT_SEATS,ONHOLD_INFANT_SEATS,CURTAILED_SEATS,FLIGHT_ID,CABIN_CLASS_CODE, VALID_FLAG)
VALUES
(9502,9501,'SSH/LXR',160,10,0,10,0,0,120,20,0,0,20,9501,'I','Y');
INSERT INTO t_fcc_seg_alloc
(FCCSA_ID,FCCA_ID,SEGMENT_CODE,ALLOCATED_SEATS,OVERSELL_SEATS,ON_HOLD_SEATS,SOLD_SEATS,FIXED_SEATS, VERSION,AVAILABLE_SEATS,INFANT_ALLOCATION,SOLD_INFANT_SEATS,ONHOLD_INFANT_SEATS,CURTAILED_SEATS,FLIGHT_ID,CABIN_CLASS_CODE, VALID_FLAG)
VALUES
(9503,9501,'SHJ/SSH/LXR',160,10,0,20,0,0,110,20,0,0,20,9501,'I','Y');

--Testing Transfer Seats
INSERT INTO t_fcc_seg_alloc
(FCCSA_ID,FCCA_ID,SEGMENT_CODE,ALLOCATED_SEATS,OVERSELL_SEATS,ON_HOLD_SEATS,SOLD_SEATS,FIXED_SEATS, VERSION,AVAILABLE_SEATS,INFANT_ALLOCATION,SOLD_INFANT_SEATS,ONHOLD_INFANT_SEATS,CURTAILED_SEATS,FLIGHT_ID,CABIN_CLASS_CODE, VALID_FLAG)
VALUES
(9551,9551,'SHJ/SSH',160,10,5,5,0,0,135,20,2,1,5,9551,'I','Y');
INSERT INTO t_fcc_seg_alloc
(FCCSA_ID,FCCA_ID,SEGMENT_CODE,ALLOCATED_SEATS,OVERSELL_SEATS,ON_HOLD_SEATS,SOLD_SEATS,FIXED_SEATS, VERSION,AVAILABLE_SEATS,INFANT_ALLOCATION,SOLD_INFANT_SEATS,ONHOLD_INFANT_SEATS,CURTAILED_SEATS,FLIGHT_ID,CABIN_CLASS_CODE, VALID_FLAG)
VALUES
(9552,9551,'SSH/LXR',		160,				10,				0,				10,		0,			0,			120,			20,				0,					0,					20,			9551,'I','Y');
INSERT INTO t_fcc_seg_alloc
(FCCSA_ID,FCCA_ID,SEGMENT_CODE,ALLOCATED_SEATS,OVERSELL_SEATS,ON_HOLD_SEATS,SOLD_SEATS,FIXED_SEATS, VERSION,AVAILABLE_SEATS,INFANT_ALLOCATION,SOLD_INFANT_SEATS,ONHOLD_INFANT_SEATS,CURTAILED_SEATS,FLIGHT_ID,CABIN_CLASS_CODE, VALID_FLAG)
VALUES
(9553,9551,'SHJ/SSH/LXR',		160,			10,				0,				20,		0,			 0,			110,			20,				5,					3,					20,			9551,'I','Y');
--End Testing Transfer Seats


--Testing Block Seats
INSERT INTO t_fcc_seg_alloc
(FCCSA_ID,FCCA_ID,SEGMENT_CODE,ALLOCATED_SEATS,OVERSELL_SEATS,ON_HOLD_SEATS,SOLD_SEATS,FIXED_SEATS, VERSION,AVAILABLE_SEATS,INFANT_ALLOCATION,SOLD_INFANT_SEATS,ONHOLD_INFANT_SEATS,CURTAILED_SEATS,FLIGHT_ID,CABIN_CLASS_CODE, VALID_FLAG, AVAILABLE_INFANT_SEATS)
VALUES
(9561,9561,'SHJ/SSH/LXR',160,10,5,5,0,0,135,20,2,1,5,9561,'I','Y',17);
--End Testing Block Seats

--Testing Move Block Seats to Sold
INSERT INTO t_fcc_seg_alloc
(FCCSA_ID,FCCA_ID,SEGMENT_CODE,ALLOCATED_SEATS,OVERSELL_SEATS,ON_HOLD_SEATS,SOLD_SEATS,FIXED_SEATS, VERSION,AVAILABLE_SEATS,INFANT_ALLOCATION,SOLD_INFANT_SEATS,ONHOLD_INFANT_SEATS,CURTAILED_SEATS,FLIGHT_ID,CABIN_CLASS_CODE, VALID_FLAG, AVAILABLE_INFANT_SEATS)
VALUES
(9563,9563,'SHJ/SSH/LXR',160,10,5,5,0,0,135,20,2,1,5,9563,'I','Y',17);
--End Testing Move Block Seats to Sold



INSERT INTO T_INTERCEPTING_FCC_SEG_ALLOC
(IFCCSA_ID, SOURCE_FCCSA_ID, INTETERCEPTING_FCCSA_ID)
VALUES
(9120, 9120, 9122);
INSERT INTO T_INTERCEPTING_FCC_SEG_ALLOC
(IFCCSA_ID, SOURCE_FCCSA_ID, INTETERCEPTING_FCCSA_ID)
VALUES
(9121, 9121, 9122);
INSERT INTO T_INTERCEPTING_FCC_SEG_ALLOC
(IFCCSA_ID, SOURCE_FCCSA_ID, INTETERCEPTING_FCCSA_ID)
VALUES
(9122, 9122, 9120);
INSERT INTO T_INTERCEPTING_FCC_SEG_ALLOC
(IFCCSA_ID, SOURCE_FCCSA_ID, INTETERCEPTING_FCCSA_ID)
VALUES
(9123, 9122, 9121);

-- create invn
INSERT INTO T_INTERCEPTING_FCC_SEG_ALLOC
(IFCCSA_ID, SOURCE_FCCSA_ID, INTETERCEPTING_FCCSA_ID)
VALUES
(9132, 9132, 9133);
INSERT INTO T_INTERCEPTING_FCC_SEG_ALLOC
(IFCCSA_ID, SOURCE_FCCSA_ID, INTETERCEPTING_FCCSA_ID)
VALUES
(9133, 9133, 9132);
INSERT INTO T_INTERCEPTING_FCC_SEG_ALLOC
(IFCCSA_ID, SOURCE_FCCSA_ID, INTETERCEPTING_FCCSA_ID)
VALUES
(9134, 9133, 9134);
INSERT INTO T_INTERCEPTING_FCC_SEG_ALLOC
(IFCCSA_ID, SOURCE_FCCSA_ID, INTETERCEPTING_FCCSA_ID)
VALUES
(9135, 9134, 9133);
-- end create invn
-- update invn
INSERT INTO T_INTERCEPTING_FCC_SEG_ALLOC
(IFCCSA_ID, SOURCE_FCCSA_ID, INTETERCEPTING_FCCSA_ID)
VALUES
(9180, 9180, 9181);
INSERT INTO T_INTERCEPTING_FCC_SEG_ALLOC
(IFCCSA_ID, SOURCE_FCCSA_ID, INTETERCEPTING_FCCSA_ID)
VALUES
(9181, 9181, 9180);
INSERT INTO T_INTERCEPTING_FCC_SEG_ALLOC
(IFCCSA_ID, SOURCE_FCCSA_ID, INTETERCEPTING_FCCSA_ID)
VALUES
(9182, 9181, 9182);
INSERT INTO T_INTERCEPTING_FCC_SEG_ALLOC
(IFCCSA_ID, SOURCE_FCCSA_ID, INTETERCEPTING_FCCSA_ID)
VALUES
(9183, 9182, 9181);
-- end update invn

INSERT INTO t_fcc_seg_bc_alloc
(FCCSBA_ID,FCCSA_ID,FLIGHT_ID,SEGMENT_CODE,CABIN_CLASS_CODE,BOOKING_CODE,ALLOCATED_SEATS,SOLD_SEATS,AVAILABLE_SEATS,STATUS,PRIORITY_FLAG,VERSION,CANCELLED_SEATS,ACQUIRED_SEATS,ONHOLD_SEATS,MANUALLY_CLOSED_FLAG)
VALUES
(9000,9000,9000,'CMB/SHJ','I','AT1',100,0,0,'OPN','Y',0,0,0,0,'N');

INSERT INTO t_fcc_seg_bc_alloc
(FCCSBA_ID,FCCSA_ID,FLIGHT_ID,SEGMENT_CODE,CABIN_CLASS_CODE,BOOKING_CODE,ALLOCATED_SEATS,SOLD_SEATS,AVAILABLE_SEATS,STATUS,PRIORITY_FLAG,VERSION,CANCELLED_SEATS,ACQUIRED_SEATS,ONHOLD_SEATS,MANUALLY_CLOSED_FLAG)
VALUES
(9001,9000,9000,'CMB/SHJ','I','AT2',100,0,0,'OPN','Y',0,0,0,0,'N');

INSERT INTO t_fcc_seg_bc_alloc
(FCCSBA_ID,FCCSA_ID,FLIGHT_ID,SEGMENT_CODE,CABIN_CLASS_CODE,BOOKING_CODE,ALLOCATED_SEATS,SOLD_SEATS,AVAILABLE_SEATS,STATUS,PRIORITY_FLAG,VERSION,CANCELLED_SEATS,ACQUIRED_SEATS,ONHOLD_SEATS,MANUALLY_CLOSED_FLAG)
VALUES
(9002,9000,9000,'CMB/SHJ','I','AN1',50,0,0,'OPN','Y',0,0,0,0,'N');

INSERT INTO t_fcc_seg_bc_alloc
(FCCSBA_ID,FCCSA_ID,FLIGHT_ID,SEGMENT_CODE,CABIN_CLASS_CODE,BOOKING_CODE,ALLOCATED_SEATS,SOLD_SEATS,AVAILABLE_SEATS,STATUS,PRIORITY_FLAG,VERSION,CANCELLED_SEATS,ACQUIRED_SEATS,ONHOLD_SEATS,MANUALLY_CLOSED_FLAG)
VALUES
(9003,9000,9000,'CMB/SHJ','I','AF1',25,0,0,'OPN','Y',0,0,0,0,'N');

INSERT INTO t_fcc_seg_bc_alloc
(FCCSBA_ID,FCCSA_ID,FLIGHT_ID,SEGMENT_CODE,CABIN_CLASS_CODE,BOOKING_CODE,ALLOCATED_SEATS,SOLD_SEATS,AVAILABLE_SEATS,STATUS,PRIORITY_FLAG,VERSION,CANCELLED_SEATS,ACQUIRED_SEATS,ONHOLD_SEATS,MANUALLY_CLOSED_FLAG)
VALUES
(9004,9001,9001,'CMB/SHJ','I','AT1',200,0,0,'OPN','Y',0,0,0,0,'N');

INSERT INTO t_fcc_seg_bc_alloc
(FCCSBA_ID,FCCSA_ID,FLIGHT_ID,SEGMENT_CODE,CABIN_CLASS_CODE,BOOKING_CODE,ALLOCATED_SEATS,SOLD_SEATS,AVAILABLE_SEATS,STATUS,PRIORITY_FLAG,VERSION,CANCELLED_SEATS,ACQUIRED_SEATS,ONHOLD_SEATS,MANUALLY_CLOSED_FLAG)
VALUES
(9005,9001,9001,'CMB/SHJ','I','AN1',25,0,0,'OPN','Y',0,0,0,0,'N');
-- create invn
INSERT INTO t_fcc_seg_bc_alloc
(FCCSBA_ID,FCCSA_ID,BOOKING_CODE,FLIGHT_ID,CABIN_CLASS_CODE, SEGMENT_CODE,
ALLOCATED_SEATS,SOLD_SEATS,ONHOLD_SEATS,CANCELLED_SEATS,ACQUIRED_SEATS,
AVAILABLE_SEATS,PRIORITY_FLAG,STATUS,VERSION,MANUALLY_CLOSED_FLAG)
VALUES
(9132,9132,'AT1',9132,'I','SSH/LXR',
50,10,0,0,0,
40,'Y','OPN',0,'N');
INSERT INTO t_fcc_seg_bc_alloc
(FCCSBA_ID,FCCSA_ID,BOOKING_CODE,FLIGHT_ID,CABIN_CLASS_CODE, SEGMENT_CODE,
ALLOCATED_SEATS,SOLD_SEATS,ONHOLD_SEATS,CANCELLED_SEATS,ACQUIRED_SEATS,
AVAILABLE_SEATS,PRIORITY_FLAG,STATUS,VERSION,MANUALLY_CLOSED_FLAG)
VALUES
(9133,9133,'AT1',9132,'I','SSH/LXR/BEY',
40,0,0,0,0,
40,'Y','OPN',0,'N');
INSERT INTO t_fcc_seg_bc_alloc
(FCCSBA_ID,FCCSA_ID,BOOKING_CODE,FLIGHT_ID,CABIN_CLASS_CODE, SEGMENT_CODE,
ALLOCATED_SEATS,SOLD_SEATS,ONHOLD_SEATS,CANCELLED_SEATS,ACQUIRED_SEATS,
AVAILABLE_SEATS,PRIORITY_FLAG,STATUS,VERSION,MANUALLY_CLOSED_FLAG)
VALUES
(9134,9134,'AT1',9132,'I','LXR/BEY',
60,0,0,0,0,
60,'Y','OPN',0,'N');
-- end create invn
INSERT INTO t_fcc_seg_bc_alloc
(FCCSBA_ID,FCCSA_ID,FLIGHT_ID,SEGMENT_CODE,CABIN_CLASS_CODE,BOOKING_CODE,ALLOCATED_SEATS,SOLD_SEATS,AVAILABLE_SEATS,STATUS,PRIORITY_FLAG,VERSION,CANCELLED_SEATS,ACQUIRED_SEATS,ONHOLD_SEATS,MANUALLY_CLOSED_FLAG)
VALUES
(9150,9150,9150,'CMB/SHJ','I','YS1',100,0,0,'OPN','Y',0,0,0,0,'N');

INSERT INTO t_fcc_seg_bc_alloc
(FCCSBA_ID,FCCSA_ID,FLIGHT_ID,SEGMENT_CODE,CABIN_CLASS_CODE,BOOKING_CODE,ALLOCATED_SEATS,SOLD_SEATS,AVAILABLE_SEATS,STATUS,PRIORITY_FLAG,VERSION,CANCELLED_SEATS,ACQUIRED_SEATS,ONHOLD_SEATS,MANUALLY_CLOSED_FLAG)
VALUES
(9151,9150,9150,'CMB/SHJ','I','YS2',100,0,0,'OPN','Y',0,0,0,0,'N');
-- for testing roll forwarding
INSERT INTO t_fcc_seg_bc_alloc
(FCCSBA_ID,FCCSA_ID,FLIGHT_ID,SEGMENT_CODE,CABIN_CLASS_CODE,BOOKING_CODE,ALLOCATED_SEATS,SOLD_SEATS,AVAILABLE_SEATS,STATUS,PRIORITY_FLAG,VERSION,CANCELLED_SEATS,ACQUIRED_SEATS,ONHOLD_SEATS,MANUALLY_CLOSED_FLAG)
VALUES
(9160,9160,9160,'CMB/SHJ','I','AT1',100,10,90,'OPN','Y',0,0,0,0,'N');

INSERT INTO t_fcc_seg_bc_alloc
(FCCSBA_ID,FCCSA_ID,FLIGHT_ID,SEGMENT_CODE,CABIN_CLASS_CODE,BOOKING_CODE,ALLOCATED_SEATS,SOLD_SEATS,AVAILABLE_SEATS,STATUS,PRIORITY_FLAG,VERSION,CANCELLED_SEATS,ACQUIRED_SEATS,ONHOLD_SEATS,MANUALLY_CLOSED_FLAG)
VALUES
(9161,9160,9160,'CMB/SHJ','I','AT2',100,0,100,'OPN','Y',0,0,0,0,'N');

INSERT INTO t_fcc_seg_bc_alloc
(FCCSBA_ID,FCCSA_ID,FLIGHT_ID,SEGMENT_CODE,CABIN_CLASS_CODE,BOOKING_CODE,ALLOCATED_SEATS,SOLD_SEATS,AVAILABLE_SEATS,STATUS,PRIORITY_FLAG,VERSION,CANCELLED_SEATS,ACQUIRED_SEATS,ONHOLD_SEATS,MANUALLY_CLOSED_FLAG)
VALUES
(9162,9160,9160,'CMB/SHJ','I','AN1',40,0,40,'OPN','N',0,0,0,0,'N');

INSERT INTO t_fcc_seg_bc_alloc
(FCCSBA_ID,FCCSA_ID,FLIGHT_ID,SEGMENT_CODE,CABIN_CLASS_CODE,BOOKING_CODE,ALLOCATED_SEATS,SOLD_SEATS,AVAILABLE_SEATS,STATUS,PRIORITY_FLAG,VERSION,CANCELLED_SEATS,ACQUIRED_SEATS,ONHOLD_SEATS,MANUALLY_CLOSED_FLAG)
VALUES
(9163,9160,9160,'CMB/SHJ','I','AF1',20,0,20,'OPN','N',0,0,0,0,'N');

INSERT INTO t_fcc_seg_bc_alloc
(FCCSBA_ID,FCCSA_ID,FLIGHT_ID,SEGMENT_CODE,CABIN_CLASS_CODE,BOOKING_CODE,ALLOCATED_SEATS,SOLD_SEATS,AVAILABLE_SEATS,STATUS,PRIORITY_FLAG,VERSION,CANCELLED_SEATS,ACQUIRED_SEATS,ONHOLD_SEATS,MANUALLY_CLOSED_FLAG)
VALUES
(9164,9162,9162,'CMB/SHJ','I','AT1',100,0,100,'OPN','N',0,0,0,0,'N');

INSERT INTO t_fcc_seg_bc_alloc
(FCCSBA_ID,FCCSA_ID,FLIGHT_ID,SEGMENT_CODE,CABIN_CLASS_CODE,BOOKING_CODE,ALLOCATED_SEATS,SOLD_SEATS,AVAILABLE_SEATS,STATUS,PRIORITY_FLAG,VERSION,CANCELLED_SEATS,ACQUIRED_SEATS,ONHOLD_SEATS,MANUALLY_CLOSED_FLAG)
VALUES
(9165,9163,9163,'CMB/SHJ','I','AT1',100,5,100,'OPN','N',0,0,0,0,'N');
-- end for testing roll forwarding
INSERT INTO t_fcc_seg_bc_alloc
(FCCSBA_ID,FCCSA_ID,FLIGHT_ID,SEGMENT_CODE,CABIN_CLASS_CODE,BOOKING_CODE,ALLOCATED_SEATS,SOLD_SEATS,AVAILABLE_SEATS,STATUS,PRIORITY_FLAG,VERSION,CANCELLED_SEATS,ACQUIRED_SEATS,ONHOLD_SEATS,MANUALLY_CLOSED_FLAG)
VALUES
(9170,9170,9170,'CMB/DEL','I','AT1',100,5,100,'OPN','N',0,0,0,0,'N');
INSERT INTO t_fcc_seg_bc_alloc
(FCCSBA_ID,FCCSA_ID,FLIGHT_ID,SEGMENT_CODE,CABIN_CLASS_CODE,BOOKING_CODE,ALLOCATED_SEATS,SOLD_SEATS,AVAILABLE_SEATS,STATUS,PRIORITY_FLAG,VERSION,CANCELLED_SEATS,ACQUIRED_SEATS,ONHOLD_SEATS,MANUALLY_CLOSED_FLAG)
VALUES
(9171,9171,9170,'DEL/KHI','I','AT1',100,5,100,'OPN','N',0,0,0,0,'N');
INSERT INTO t_fcc_seg_bc_alloc
(FCCSBA_ID,FCCSA_ID,FLIGHT_ID,SEGMENT_CODE,CABIN_CLASS_CODE,BOOKING_CODE,ALLOCATED_SEATS,SOLD_SEATS,AVAILABLE_SEATS,STATUS,PRIORITY_FLAG,VERSION,CANCELLED_SEATS,ACQUIRED_SEATS,ONHOLD_SEATS,MANUALLY_CLOSED_FLAG)
VALUES
(9172,9172,9170,'CMB/DEL/KHI','I','AT1',100,5,100,'OPN','N',0,0,0,0,'N');

INSERT INTO t_fcc_seg_bc_alloc
(FCCSBA_ID,FCCSA_ID,FLIGHT_ID,SEGMENT_CODE,CABIN_CLASS_CODE,BOOKING_CODE,ALLOCATED_SEATS,SOLD_SEATS,AVAILABLE_SEATS,STATUS,PRIORITY_FLAG,VERSION,CANCELLED_SEATS,ACQUIRED_SEATS,ONHOLD_SEATS,MANUALLY_CLOSED_FLAG)
VALUES
(9176,9173,9171,'DEL/KHI','I','AT1',100,5,100,'OPN','N',0,0,0,0,'N');
INSERT INTO t_fcc_seg_bc_alloc
(FCCSBA_ID,FCCSA_ID,FLIGHT_ID,SEGMENT_CODE,CABIN_CLASS_CODE,BOOKING_CODE,ALLOCATED_SEATS,SOLD_SEATS,AVAILABLE_SEATS,STATUS,PRIORITY_FLAG,VERSION,CANCELLED_SEATS,ACQUIRED_SEATS,ONHOLD_SEATS,MANUALLY_CLOSED_FLAG)
VALUES
(9177,9174,9171,'KHI/CMB','I','AT1',100,5,100,'OPN','N',0,0,0,0,'N');
INSERT INTO t_fcc_seg_bc_alloc
(FCCSBA_ID,FCCSA_ID,FLIGHT_ID,SEGMENT_CODE,CABIN_CLASS_CODE,BOOKING_CODE,ALLOCATED_SEATS,SOLD_SEATS,AVAILABLE_SEATS,STATUS,PRIORITY_FLAG,VERSION,CANCELLED_SEATS,ACQUIRED_SEATS,ONHOLD_SEATS,MANUALLY_CLOSED_FLAG)
VALUES
(9178,9174,9171,'KHI/CMB','I','AT2',100,5,100,'OPN','N',0,0,0,0,'N');
-- for testing manage inventory

-- update invn
INSERT INTO t_fcc_seg_bc_alloc
(FCCSBA_ID,FCCSA_ID,BOOKING_CODE,FLIGHT_ID,CABIN_CLASS_CODE, SEGMENT_CODE,
ALLOCATED_SEATS,SOLD_SEATS,ONHOLD_SEATS,CANCELLED_SEATS,ACQUIRED_SEATS,
AVAILABLE_SEATS,PRIORITY_FLAG,STATUS,VERSION,MANUALLY_CLOSED_FLAG)
VALUES
(9180,9180,'AT1',9180,'I','CMB/SHJ',
200,5,5,0,0,
190,'Y','OPN',0,'N');
INSERT INTO t_fcc_seg_bc_alloc
(FCCSBA_ID,FCCSA_ID,BOOKING_CODE,FLIGHT_ID,CABIN_CLASS_CODE, SEGMENT_CODE,
ALLOCATED_SEATS,SOLD_SEATS,ONHOLD_SEATS,CANCELLED_SEATS,ACQUIRED_SEATS,
AVAILABLE_SEATS,PRIORITY_FLAG,STATUS,VERSION,MANUALLY_CLOSED_FLAG)
VALUES
(9181,9180,'AT2',9180,'I','CMB/SHJ',
200,0,0,0,0,
190,'Y','OPN',0,'N');
INSERT INTO t_fcc_seg_bc_alloc
(FCCSBA_ID,FCCSA_ID,BOOKING_CODE,FLIGHT_ID,CABIN_CLASS_CODE, SEGMENT_CODE,
ALLOCATED_SEATS,SOLD_SEATS,ONHOLD_SEATS,CANCELLED_SEATS,ACQUIRED_SEATS,
AVAILABLE_SEATS,PRIORITY_FLAG,STATUS,VERSION,MANUALLY_CLOSED_FLAG)
VALUES
(9182,9180,'AN1',9180,'I','CMB/SHJ',
50,0,0,0,0,
50,'Y','OPN',0,'N');
INSERT INTO t_fcc_seg_bc_alloc
(FCCSBA_ID,FCCSA_ID,BOOKING_CODE,FLIGHT_ID,CABIN_CLASS_CODE, SEGMENT_CODE,
ALLOCATED_SEATS,SOLD_SEATS,ONHOLD_SEATS,CANCELLED_SEATS,ACQUIRED_SEATS,
AVAILABLE_SEATS,PRIORITY_FLAG,STATUS,VERSION,MANUALLY_CLOSED_FLAG)
VALUES
(9183,9180,'AF1',9180,'I','CMB/SHJ',
20,0,0,0,0,
20,'Y','OPN',0,'N');
-- end update invn

-- end for testing manage inventory

INSERT INTO t_fcc_seg_bc_alloc
(FCCSBA_ID,FCCSA_ID,FLIGHT_ID,SEGMENT_CODE,CABIN_CLASS_CODE,BOOKING_CODE,ALLOCATED_SEATS,SOLD_SEATS,AVAILABLE_SEATS,STATUS,PRIORITY_FLAG,VERSION,CANCELLED_SEATS,ACQUIRED_SEATS,ONHOLD_SEATS,MANUALLY_CLOSED_FLAG)
VALUES
(9200,9200,9200,'CMB/SHJ','I','XS1',25,5,20,'OPN','Y',0,0,0,0,'N');

INSERT INTO t_fcc_seg_bc_alloc
(FCCSBA_ID,FCCSA_ID,FLIGHT_ID,SEGMENT_CODE,CABIN_CLASS_CODE,BOOKING_CODE,ALLOCATED_SEATS,SOLD_SEATS,AVAILABLE_SEATS,STATUS,PRIORITY_FLAG,VERSION,CANCELLED_SEATS,ACQUIRED_SEATS,ONHOLD_SEATS,MANUALLY_CLOSED_FLAG)
VALUES
(9201,9201,9201,'SHJ/SSH','I','XS1',200,5,190,'OPN','Y',0,0,0,5,'N');

INSERT INTO t_fcc_seg_bc_alloc
(FCCSBA_ID,FCCSA_ID,FLIGHT_ID,SEGMENT_CODE,CABIN_CLASS_CODE,BOOKING_CODE,ALLOCATED_SEATS,SOLD_SEATS,AVAILABLE_SEATS,STATUS,PRIORITY_FLAG,VERSION,CANCELLED_SEATS,ACQUIRED_SEATS,ONHOLD_SEATS,MANUALLY_CLOSED_FLAG)
VALUES
(9202,9202,9201,'SSH/LXR','I','XS1',200,10,190,'OPN','Y',0,0,0,0,'N');

INSERT INTO t_fcc_seg_bc_alloc
(FCCSBA_ID,FCCSA_ID,FLIGHT_ID,SEGMENT_CODE,CABIN_CLASS_CODE,BOOKING_CODE,ALLOCATED_SEATS,SOLD_SEATS,AVAILABLE_SEATS,STATUS,PRIORITY_FLAG,VERSION,CANCELLED_SEATS,ACQUIRED_SEATS,ONHOLD_SEATS,MANUALLY_CLOSED_FLAG)
VALUES
(9203,9203,9201,'SHJ/SSH/LXR','I','XS1',200,10,190,'OPN','Y',0,0,0,0,'N');
INSERT INTO t_fcc_seg_bc_alloc
(FCCSBA_ID,FCCSA_ID,FLIGHT_ID,SEGMENT_CODE,CABIN_CLASS_CODE,BOOKING_CODE,ALLOCATED_SEATS,SOLD_SEATS,AVAILABLE_SEATS,STATUS,PRIORITY_FLAG,VERSION,CANCELLED_SEATS,ACQUIRED_SEATS,ONHOLD_SEATS,MANUALLY_CLOSED_FLAG)
VALUES
(9204,9203,9201,'SHJ/SSH/LXR','I','XN1',20,10,10,'OPN','Y',0,0,0,0,'N');


INSERT INTO t_fcc_seg_bc_alloc
(FCCSBA_ID,FCCSA_ID,FLIGHT_ID,SEGMENT_CODE,CABIN_CLASS_CODE,BOOKING_CODE,ALLOCATED_SEATS,SOLD_SEATS,AVAILABLE_SEATS,STATUS,PRIORITY_FLAG,VERSION,CANCELLED_SEATS,ACQUIRED_SEATS,ONHOLD_SEATS,MANUALLY_CLOSED_FLAG)
VALUES
(9300,9300,9300,'CMB/SHJ','I','YS1',100,0,0,'OPN','Y',0,0,0,0,'N');

INSERT INTO t_fcc_seg_bc_alloc
(FCCSBA_ID,FCCSA_ID,FLIGHT_ID,SEGMENT_CODE,CABIN_CLASS_CODE,BOOKING_CODE,ALLOCATED_SEATS,SOLD_SEATS,AVAILABLE_SEATS,STATUS,PRIORITY_FLAG,VERSION,CANCELLED_SEATS,ACQUIRED_SEATS,ONHOLD_SEATS,MANUALLY_CLOSED_FLAG)
VALUES
(9301,9300,9300,'CMB/SHJ','I','YS2',100,0,0,'OPN','Y',0,0,0,0,'N');


INSERT INTO t_fcc_seg_bc_alloc
(FCCSBA_ID,FCCSA_ID,FLIGHT_ID,SEGMENT_CODE,CABIN_CLASS_CODE,BOOKING_CODE,ALLOCATED_SEATS,SOLD_SEATS,AVAILABLE_SEATS,STATUS,PRIORITY_FLAG,VERSION,CANCELLED_SEATS,ACQUIRED_SEATS,ONHOLD_SEATS,MANUALLY_CLOSED_FLAG)
VALUES
(9501,9501,9501,'SHJ/SSH','I','XS1',200,5,190,'OPN','Y',0,0,0,5,'N');

INSERT INTO t_fcc_seg_bc_alloc
(FCCSBA_ID,FCCSA_ID,FLIGHT_ID,SEGMENT_CODE,CABIN_CLASS_CODE,BOOKING_CODE,ALLOCATED_SEATS,SOLD_SEATS,AVAILABLE_SEATS,STATUS,PRIORITY_FLAG,VERSION,CANCELLED_SEATS,ACQUIRED_SEATS,ONHOLD_SEATS,MANUALLY_CLOSED_FLAG)
VALUES
(9502,9502,9501,'SSH/LXR','I','XS1',200,10,190,'OPN','Y',0,0,0,0,'N');

INSERT INTO t_fcc_seg_bc_alloc
(FCCSBA_ID,FCCSA_ID,FLIGHT_ID,SEGMENT_CODE,CABIN_CLASS_CODE,BOOKING_CODE,ALLOCATED_SEATS,SOLD_SEATS,AVAILABLE_SEATS,STATUS,PRIORITY_FLAG,VERSION,CANCELLED_SEATS,ACQUIRED_SEATS,ONHOLD_SEATS,MANUALLY_CLOSED_FLAG)
VALUES
(9503,9503,9501,'SHJ/SSH/LXR','I','XS1',200,10,190,'OPN','Y',0,0,0,0,'N');
INSERT INTO t_fcc_seg_bc_alloc
(FCCSBA_ID,FCCSA_ID,FLIGHT_ID,SEGMENT_CODE,CABIN_CLASS_CODE,BOOKING_CODE,ALLOCATED_SEATS,SOLD_SEATS,AVAILABLE_SEATS,STATUS,PRIORITY_FLAG,VERSION,CANCELLED_SEATS,ACQUIRED_SEATS,ONHOLD_SEATS,MANUALLY_CLOSED_FLAG)
VALUES
(9504,9503,9501,'SHJ/SSH/LXR','I','XN1',20,10,10,'OPN','Y',0,0,0,0,'N');

--Testing transfer seats
INSERT INTO t_fcc_seg_bc_alloc
(FCCSBA_ID,FCCSA_ID,FLIGHT_ID,SEGMENT_CODE,CABIN_CLASS_CODE,BOOKING_CODE,ALLOCATED_SEATS,SOLD_SEATS,AVAILABLE_SEATS,STATUS,PRIORITY_FLAG,VERSION,CANCELLED_SEATS,ACQUIRED_SEATS,ONHOLD_SEATS,MANUALLY_CLOSED_FLAG)
VALUES
(9551,9551,9551,'SHJ/SSH','I','XS1',200,5,190,'OPN','Y',0,0,0,5,'N');

INSERT INTO t_fcc_seg_bc_alloc
(FCCSBA_ID,FCCSA_ID,FLIGHT_ID,SEGMENT_CODE,CABIN_CLASS_CODE,BOOKING_CODE,ALLOCATED_SEATS,SOLD_SEATS,AVAILABLE_SEATS,STATUS,PRIORITY_FLAG,VERSION,CANCELLED_SEATS,ACQUIRED_SEATS,ONHOLD_SEATS,MANUALLY_CLOSED_FLAG)
VALUES
(9552,9552,9551,'SSH/LXR','I','XS1',200,10,190,'OPN','Y',0,0,0,0,'N');

INSERT INTO t_fcc_seg_bc_alloc
(FCCSBA_ID,FCCSA_ID,FLIGHT_ID,SEGMENT_CODE,CABIN_CLASS_CODE,BOOKING_CODE,
ALLOCATED_SEATS,SOLD_SEATS,AVAILABLE_SEATS,STATUS,PRIORITY_FLAG,VERSION,
CANCELLED_SEATS,ACQUIRED_SEATS,ONHOLD_SEATS,MANUALLY_CLOSED_FLAG)
VALUES
(9553,9553,9551,'SHJ/SSH/LXR','I','XS1',200,10,190,'OPN','Y',0,0,0,0,'N');
INSERT INTO t_fcc_seg_bc_alloc
(FCCSBA_ID,FCCSA_ID,FLIGHT_ID,SEGMENT_CODE,CABIN_CLASS_CODE,BOOKING_CODE,ALLOCATED_SEATS,SOLD_SEATS,AVAILABLE_SEATS,STATUS,PRIORITY_FLAG,VERSION,CANCELLED_SEATS,ACQUIRED_SEATS,ONHOLD_SEATS,MANUALLY_CLOSED_FLAG)
VALUES
(9554,9553,9551,'SHJ/SSH/LXR','I','XN1',20,8,9,'OPN','Y',0,0,0,3,'N');
--End testing transfer seats

--Testing Block seats
INSERT INTO t_fcc_seg_bc_alloc
(FCCSBA_ID,FCCSA_ID,FLIGHT_ID,SEGMENT_CODE,CABIN_CLASS_CODE,BOOKING_CODE,
ALLOCATED_SEATS,SOLD_SEATS,AVAILABLE_SEATS,STATUS,PRIORITY_FLAG,VERSION,
CANCELLED_SEATS,ACQUIRED_SEATS,ONHOLD_SEATS,MANUALLY_CLOSED_FLAG)
VALUES
(9561,9561,9561,'SHJ/SSH/LXR','I','XS1',200,10,190,'OPN','Y',0,0,0,0,'N');
INSERT INTO t_fcc_seg_bc_alloc
(FCCSBA_ID,FCCSA_ID,FLIGHT_ID,SEGMENT_CODE,CABIN_CLASS_CODE,BOOKING_CODE,ALLOCATED_SEATS,SOLD_SEATS,AVAILABLE_SEATS,STATUS,PRIORITY_FLAG,VERSION,CANCELLED_SEATS,ACQUIRED_SEATS,ONHOLD_SEATS,MANUALLY_CLOSED_FLAG)
VALUES
(9562,9561,9561,'SHJ/SSH/LXR','I','XN1',20,8,9,'OPN','Y',0,0,0,3,'N');
--End testing Block seats



-- View seat inventory and Fare Movements
INSERT INTO aa_mgr.t_pnr_segment (PNR_SEG_ID,PNR,SEGMENT_SEQ,RETURN_FLAG,STATUS,VERSION,FLT_SEG_ID)
VALUES
(9500,'QWERTY',1,'N','Active',0,9000);
INSERT INTO aa_mgr.t_pnr_segment (PNR_SEG_ID,PNR,SEGMENT_SEQ,RETURN_FLAG,STATUS,VERSION,FLT_SEG_ID)
VALUES
(9501,'QWERTY',1,'N','Active',0,9001);
INSERT INTO aa_mgr.t_pnr_segment (PNR_SEG_ID,PNR,SEGMENT_SEQ,RETURN_FLAG,STATUS,VERSION,FLT_SEG_ID)
VALUES
(9502,'QWERTY',1,'N','Active',0,9100);
INSERT INTO aa_mgr.t_pnr_segment (PNR_SEG_ID,PNR,SEGMENT_SEQ,RETURN_FLAG,STATUS,VERSION,FLT_SEG_ID)
VALUES
(9503,'QWERTY',1,'N','Active',0,9101);
INSERT INTO aa_mgr.t_pnr_segment (PNR_SEG_ID,PNR,SEGMENT_SEQ,RETURN_FLAG,STATUS,VERSION,FLT_SEG_ID)
VALUES
(9504,'QWERTY',1,'N','Active',0,9102);
INSERT INTO aa_mgr.t_pnr_segment (PNR_SEG_ID,PNR,SEGMENT_SEQ,RETURN_FLAG,STATUS,VERSION,FLT_SEG_ID)
VALUES
(9505,'QWERTY',1,'N','Active',0,9103);
INSERT INTO aa_mgr.t_pnr_segment (PNR_SEG_ID,PNR,SEGMENT_SEQ,RETURN_FLAG,STATUS,VERSION,FLT_SEG_ID)
VALUES
(9506,'QWERTY',1,'N','Active',0,9104);
INSERT INTO aa_mgr.t_pnr_segment (PNR_SEG_ID,PNR,SEGMENT_SEQ,RETURN_FLAG,STATUS,VERSION,FLT_SEG_ID)
VALUES
(9507,'QWERTY',1,'N','Active',0,9105);
INSERT INTO aa_mgr.t_pnr_segment (PNR_SEG_ID,PNR,SEGMENT_SEQ,RETURN_FLAG,STATUS,VERSION,FLT_SEG_ID)
VALUES
(9509,'QWERTY',1,'N','Active',0,9110);
INSERT INTO aa_mgr.t_pnr_segment (PNR_SEG_ID,PNR,SEGMENT_SEQ,RETURN_FLAG,STATUS,VERSION,FLT_SEG_ID)
VALUES
(9510,'QWERTY',1,'N','Active',0,9111);
INSERT INTO aa_mgr.t_pnr_segment (PNR_SEG_ID,PNR,SEGMENT_SEQ,RETURN_FLAG,STATUS,VERSION,FLT_SEG_ID)
VALUES
(9511,'QWERTY',1,'N','Active',0,9112);


/*
INSERT INTO aa_mgr.t_pnr_pax_fare_segment
VALUES
(9500,9500,1,'T1',0,100,'NOSHO');
INSERT INTO aa_mgr.t_pnr_pax_fare_segment
VALUES
(9501,9501,1,'T1',0,100,'NOSHO');
INSERT INTO aa_mgr.t_pnr_pax_fare_segment
VALUES
(9502,9502,1,'T1',0,100,'NOSHO');
INSERT INTO aa_mgr.t_pnr_pax_fare_segment
VALUES
(9503,9503,1,'T1',0,100,'NOSHO');
INSERT INTO aa_mgr.t_pnr_pax_fare_segment
VALUES
(9504,9504,1,'T1',0,100,'NOSHO');
INSERT INTO aa_mgr.t_pnr_pax_fare_segment
VALUES
(9505,9505,1,'T1',0,100,'NOSHO');
INSERT INTO aa_mgr.t_pnr_pax_fare_segment
VALUES
(9506,9506,1,'T1',0,100,'NOSHO');
INSERT INTO aa_mgr.t_pnr_pax_fare_segment
VALUES
(9507,9507,1,'T1',0,100,'NOSHO');
INSERT INTO aa_mgr.t_pnr_pax_fare_segment
VALUES
(9509,9509,1,'T1',0,100,'NOSHO');
INSERT INTO aa_mgr.t_pnr_pax_fare_segment
VALUES
(9510,9510,1,'T1',0,100,'NOSHO');
INSERT INTO aa_mgr.t_pnr_pax_fare_segment
VALUES
(9511,9511,1,'T1',0,100,'NOSHO');
*/
