INSERT INTO T_ROUTE_INFO
(ROUTE_ID,FROM_CITY,TO_CITY,DISTANCE,DURATION,DURATION_TOLERANCE,VERSION,STATUS)
VALUES
('CMB/DOH','CMB','DOH',1888.88,8,1.2,0,'Active');

INSERT INTO T_VALID_SEGMENT
(SEGMENT_CODE,DESCRIPTION,ORIGIN,DESTINATION,VERSION)
VALUES
('CMB/DOH','FLIGHT SEGMENT FOR COLOMBO DHOHA','CMB','DOH',0);

INSERT INTO T_USER
(USER_ID,PASSWORD,FIRST_NAME,LAST_NAME,EMAIL_ID,STATION_CODE,USER_DOMAIN_ID,STATUS,CREATED_BY,CREATED_DATE,MODIFIED_BY,MODIFIED_DATE,VERSION)
VALUES
('famizm','password','Famiz','Mohomad','famizm@isa.lk','CMB',1,'Active',NULL,NULL,NULL,NULL,0);

INSERT INTO T_USER
(USER_ID,PASSWORD,FIRST_NAME,LAST_NAME,EMAIL_ID,STATION_CODE,USER_DOMAIN_ID,STATUS,CREATED_BY,CREATED_DATE,MODIFIED_BY,MODIFIED_DATE,VERSION)
VALUES
('jhonw','password','Jhon','Whotson','jhonw@isa.lk','CMB',1,'Active',NULL,NULL,NULL,NULL,0);





INSERT INTO T_FLIGHT_SCHEDULE
(SCHEDULE_ID,FLIGHT_NUMBER,MODEL_NUMBER,OPERATION_TYPE_ID,START_DATE,STOP_DATE,FREQUENCY_D0,FREQUENCY_D1,FREQUENCY_D2,FREQUENCY_D3,FREQUENCY_D4,FREQUENCY_D5,FREQUENCY_D6,ORIGIN,DESTINATION,OVERLAP_SCHEDULE_FLAG,AVAILABLE_SEAT_KILOMETERS,NUMBER_OF_DEPARTURES,SCHEDULE_BUILD_STATUS_CODE,SCHEDULE_STATUS_CODE,CREATED_BY,CREATED_DATE,MODIFIED_BY,MODIFIED_DATE,VERSION,MANUALLY_CHANGED)
VALUES
(10000,'GG1111','MDL_NBR_UNIT_TSTING',2, to_date('1-1-2006','MM-DD-YYYY') ,to_date('2-28-2006','MM-DD-YYYY'),1,0,1,1,0,1,0,'CMB','DOH','N',1,1,'BUILD','ACTIVE','jhonw',to_date('8-31-2005','MM-DD-YYYY'),NULL,NULL,0,'N'); 

INSERT INTO T_FLIGHT_SCHEDULE_LEG
(FSL_ID,SCHEDULE_ID,LEG_NUMBER,ORIGIN,DESTINATION,VERSION,DURATION,ROUTE_ID,STD_TIME_DEPARTURE_ZULU,EST_TIME_ARRIVAL_ZULU,STD_TIME_ARRIVAL_ZULU,EST_TIME_DEPARTURE_LOCAL,STD_TIME_DEPARTURE_LOCAL,EST_TIME_ARRIVAL_LOCAL,STD_TIME_ARRIVAL_LOCAL,STD_DEPARTURE_DAY_OFFSET,STD_ARRIVAL_DAY_OFFSET,EST_DEPARTURE_DAY_OFFSET,EST_ARRIVAL_DAY_OFFSET,EST_TIME_DEPARTURE_ZULU)
VALUES
(10000,10000,1,'CMB','DOH',0,8,'CMB/DOH',NULL,NULL,NULL,NULL,NULL,NULL,NULL,0,0,0,0,NULL);

INSERT INTO T_FLIGHT_SCHEDULE_SEGMENT
(FL_SCH_SEG_ID,SCHEDULE_ID,SEGMENT_CODE,SEGMENT_VALID_FLAG,SEGMENT_PRIORITY,VERSION,SEGMENT_INDEX)
VALUES
(10000,10000,'1','Y',1,0,NULL); 





INSERT INTO T_FLIGHT_SCHEDULE
(SCHEDULE_ID,FLIGHT_NUMBER,MODEL_NUMBER,OPERATION_TYPE_ID,START_DATE,STOP_DATE,FREQUENCY_D0,FREQUENCY_D1,FREQUENCY_D2,FREQUENCY_D3,FREQUENCY_D4,FREQUENCY_D5,FREQUENCY_D6,ORIGIN,DESTINATION,OVERLAP_SCHEDULE_FLAG,AVAILABLE_SEAT_KILOMETERS,NUMBER_OF_DEPARTURES,SCHEDULE_BUILD_STATUS_CODE,SCHEDULE_STATUS_CODE,CREATED_BY,CREATED_DATE,MODIFIED_BY,MODIFIED_DATE,VERSION,MANUALLY_CHANGED)
VALUES
(10001,'GG1111','MDL_NBR_UNIT_TSTING',2,to_date('3-1-2006','MM-DD-YYYY'),to_date('3-11-2006','MM-DD-YYYY'),1,0,1,1,0,1,0,'CMB','DOH','N',1,1,'COMPLETE','ACTIVE','jhonw','31-AUG-2005',NULL,NULL,0,'N');

INSERT INTO T_FLIGHT_SCHEDULE_LEG
(FSL_ID,SCHEDULE_ID,LEG_NUMBER,ORIGIN,DESTINATION,VERSION,DURATION,ROUTE_ID,STD_TIME_DEPARTURE_ZULU,EST_TIME_ARRIVAL_ZULU,STD_TIME_ARRIVAL_ZULU,EST_TIME_DEPARTURE_LOCAL,STD_TIME_DEPARTURE_LOCAL,EST_TIME_ARRIVAL_LOCAL,STD_TIME_ARRIVAL_LOCAL,STD_DEPARTURE_DAY_OFFSET,STD_ARRIVAL_DAY_OFFSET,EST_DEPARTURE_DAY_OFFSET,EST_ARRIVAL_DAY_OFFSET,EST_TIME_DEPARTURE_ZULU)
VALUES
(10001,10001,1,'CMB','DOH',0,8,'CMB/DOH',NULL,NULL,NULL,NULL,NULL,NULL,NULL,0,0,0,0,NULL);

INSERT INTO T_FLIGHT_SCHEDULE_SEGMENT
(FL_SCH_SEG_ID,SCHEDULE_ID,SEGMENT_CODE,SEGMENT_VALID_FLAG,SEGMENT_PRIORITY,VERSION,SEGMENT_INDEX)
VALUES
(10001,10001,'1','Y',1,0,NULL);


INSERT INTO T_FLIGHT
(FLIGHT_ID,SCHEDULE_ID,FLIGHT_NUMBER,DEPARTURE_DATE,DAY_NUMBER,DAY_OF_DEPARTURE,OPERATION_TYPE_ID,ORIGIN,DESTINATION,AVAILABLE_SEAT_KILOMETERS,OVERLAP_SCHEDULE_FLAG,OVERLAP_FLIGHT_INSTANCE_ID,SEATS_ALLOCATED_FLAG,TAIL_NUMBER,MODEL_NUMBER,STATUS,CREATED_BY,CREATED_DATE,MODIFIED_BY,MODIFIED_DATE,VERSION,MANUALLY_CHANGED)
VALUES
(10001,10001,'GG1111',to_date('3-2-2006','MM-DD-YYYY'),5,NULL,2,'CMB','DOH',1,'N',NULL,'N',NULL,'MDL_NBR_UNIT_TSTING','ACTIVE','jhonw',to_date('8-31-2005','MM-DD-YYYY'),NULL,NULL,0,'N');

INSERT INTO T_FLIGHT
(FLIGHT_ID,SCHEDULE_ID,FLIGHT_NUMBER,DEPARTURE_DATE,DAY_NUMBER,DAY_OF_DEPARTURE,OPERATION_TYPE_ID,ORIGIN,DESTINATION,AVAILABLE_SEAT_KILOMETERS,OVERLAP_SCHEDULE_FLAG,OVERLAP_FLIGHT_INSTANCE_ID,SEATS_ALLOCATED_FLAG,TAIL_NUMBER,MODEL_NUMBER,STATUS,CREATED_BY,CREATED_DATE,MODIFIED_BY,MODIFIED_DATE,VERSION,MANUALLY_CHANGED)
VALUES
(10002,10001,'GG1111',to_date('3-4-2006','MM-DD-YYYY'),0,NULL,2,'CMB','DOH',1,'N',NULL,'N',NULL,'MDL_NBR_UNIT_TSTING','ACTIVE','jhonw',to_date('8-31-2005','MM-DD-YYYY'),NULL,NULL,0,'N');

INSERT INTO T_FLIGHT
(FLIGHT_ID,SCHEDULE_ID,FLIGHT_NUMBER,DEPARTURE_DATE,DAY_NUMBER,DAY_OF_DEPARTURE,OPERATION_TYPE_ID,ORIGIN,DESTINATION,AVAILABLE_SEAT_KILOMETERS,OVERLAP_SCHEDULE_FLAG,OVERLAP_FLIGHT_INSTANCE_ID,SEATS_ALLOCATED_FLAG,TAIL_NUMBER,MODEL_NUMBER,STATUS,CREATED_BY,CREATED_DATE,MODIFIED_BY,MODIFIED_DATE,VERSION,MANUALLY_CHANGED)
VALUES
(10003,10001,'GG1111',to_date('3-6-2006','MM-DD-YYYY'),2,NULL,2,'CMB','DOH',1,'N',NULL,'N',NULL,'MDL_NBR_UNIT_TSTING','ACTIVE','jhonw',to_date('8-31-2005','MM-DD-YYYY'),NULL,NULL,0,'N');

INSERT INTO T_FLIGHT
(FLIGHT_ID,SCHEDULE_ID,FLIGHT_NUMBER,DEPARTURE_DATE,DAY_NUMBER,DAY_OF_DEPARTURE,OPERATION_TYPE_ID,ORIGIN,DESTINATION,AVAILABLE_SEAT_KILOMETERS,OVERLAP_SCHEDULE_FLAG,OVERLAP_FLIGHT_INSTANCE_ID,SEATS_ALLOCATED_FLAG,TAIL_NUMBER,MODEL_NUMBER,STATUS,CREATED_BY,CREATED_DATE,MODIFIED_BY,MODIFIED_DATE,VERSION,MANUALLY_CHANGED)
VALUES
(10004,10001,'GG1111',to_date('3-7-2006','MM-DD-YYYY'),3,NULL,2,'CMB','DOH',1,'N',NULL,'N',NULL,'MDL_NBR_UNIT_TSTING','ACTIVE','jhonw',to_date('8-31-2005','MM-DD-YYYY'),NULL,NULL,0,'N');

INSERT INTO T_FLIGHT
(FLIGHT_ID,SCHEDULE_ID,FLIGHT_NUMBER,DEPARTURE_DATE,DAY_NUMBER,DAY_OF_DEPARTURE,OPERATION_TYPE_ID,ORIGIN,DESTINATION,AVAILABLE_SEAT_KILOMETERS,OVERLAP_SCHEDULE_FLAG,OVERLAP_FLIGHT_INSTANCE_ID,SEATS_ALLOCATED_FLAG,TAIL_NUMBER,MODEL_NUMBER,STATUS,CREATED_BY,CREATED_DATE,MODIFIED_BY,MODIFIED_DATE,VERSION,MANUALLY_CHANGED)
VALUES
(10005,10001,'GG1111',to_date('3-9-2006','MM-DD-YYYY'),5,NULL,2,'CMB','DOH',1,'N',NULL,'N',NULL,'MDL_NBR_UNIT_TSTING','ACTIVE','jhonw',to_date('8-31-2005','MM-DD-YYYY'),NULL,NULL,0,'N');

INSERT INTO T_FLIGHT
(FLIGHT_ID,SCHEDULE_ID,FLIGHT_NUMBER,DEPARTURE_DATE,DAY_NUMBER,DAY_OF_DEPARTURE,OPERATION_TYPE_ID,ORIGIN,DESTINATION,AVAILABLE_SEAT_KILOMETERS,OVERLAP_SCHEDULE_FLAG,OVERLAP_FLIGHT_INSTANCE_ID,SEATS_ALLOCATED_FLAG,TAIL_NUMBER,MODEL_NUMBER,STATUS,CREATED_BY,CREATED_DATE,MODIFIED_BY,MODIFIED_DATE,VERSION,MANUALLY_CHANGED)
VALUES
(10006,10001,'GG1111',to_date('3-11-2006','MM-DD-YYYY'),0,NULL,2,'CMB','DOH',1,'N',NULL,'N',NULL,'MDL_NBR_UNIT_TSTING','ACTIVE','jhonw',to_date('8-31-2005','MM-DD-YYYY'),NULL,NULL,0,'N');	


INSERT INTO T_FLIGHT_LEG
(FLIGHT_LEG_ID,FLIGHT_ID,LEG_NUMBER,ORIGIN,DESTINATION,DURATION,DEPARTURE_DAY_OFFSET,ARRIVAL_DAY_OFFSET,VERSION,ROUTE_ID,EST_TIME_DEPARTURE_ZULU,STD_TIME_DEPARTURE_ZULU,EST_TIME_ARRIVAL_ZULU,STD_TIME_ARRIVAL_ZULU,EST_TIME_DEPARTURE_LOCAL,STD_TIME_DEPARTURE_LOCAL,EST_TIME_ARRIVAL_LOCAL,STD_TIME_ARRIVAL_LOCAL,STD_DEPARTURE_DAY_OFFSET,STD_ARRIVAL_DAY_OFFSET,EST_DEPARTURE_DAY_OFFSET,EST_ARRIVAL_DAY_OFFSET)
VALUES
(10001,10001,1,'CMB','DOH',8,NULL,NULL,0,'CMB/DOH',NULL,NULL,NULL,NULL,NULL,NULL,NULL,NULL,0,0,0,0);

INSERT INTO T_FLIGHT_LEG
(FLIGHT_LEG_ID,FLIGHT_ID,LEG_NUMBER,ORIGIN,DESTINATION,DURATION,DEPARTURE_DAY_OFFSET,ARRIVAL_DAY_OFFSET,VERSION,ROUTE_ID,EST_TIME_DEPARTURE_ZULU,STD_TIME_DEPARTURE_ZULU,EST_TIME_ARRIVAL_ZULU,STD_TIME_ARRIVAL_ZULU,EST_TIME_DEPARTURE_LOCAL,STD_TIME_DEPARTURE_LOCAL,EST_TIME_ARRIVAL_LOCAL,STD_TIME_ARRIVAL_LOCAL,STD_DEPARTURE_DAY_OFFSET,STD_ARRIVAL_DAY_OFFSET,EST_DEPARTURE_DAY_OFFSET,EST_ARRIVAL_DAY_OFFSET)
VALUES
(10002,10002,1,'CMB','DOH',8,NULL,NULL,0,'CMB/DOH',NULL,NULL,NULL,NULL,NULL,NULL,NULL,NULL,0,0,0,0);	

INSERT INTO T_FLIGHT_LEG
(FLIGHT_LEG_ID,FLIGHT_ID,LEG_NUMBER,ORIGIN,DESTINATION,DURATION,DEPARTURE_DAY_OFFSET,ARRIVAL_DAY_OFFSET,VERSION,ROUTE_ID,EST_TIME_DEPARTURE_ZULU,STD_TIME_DEPARTURE_ZULU,EST_TIME_ARRIVAL_ZULU,STD_TIME_ARRIVAL_ZULU,EST_TIME_DEPARTURE_LOCAL,STD_TIME_DEPARTURE_LOCAL,EST_TIME_ARRIVAL_LOCAL,STD_TIME_ARRIVAL_LOCAL,STD_DEPARTURE_DAY_OFFSET,STD_ARRIVAL_DAY_OFFSET,EST_DEPARTURE_DAY_OFFSET,EST_ARRIVAL_DAY_OFFSET)
VALUES
(10003,10003,1,'CMB','DOH',8,NULL,NULL,0,'CMB/DOH',NULL,NULL,NULL,NULL,NULL,NULL,NULL,NULL,0,0,0,0);

INSERT INTO T_FLIGHT_LEG
(FLIGHT_LEG_ID,FLIGHT_ID,LEG_NUMBER,ORIGIN,DESTINATION,DURATION,DEPARTURE_DAY_OFFSET,ARRIVAL_DAY_OFFSET,VERSION,ROUTE_ID,EST_TIME_DEPARTURE_ZULU,STD_TIME_DEPARTURE_ZULU,EST_TIME_ARRIVAL_ZULU,STD_TIME_ARRIVAL_ZULU,EST_TIME_DEPARTURE_LOCAL,STD_TIME_DEPARTURE_LOCAL,EST_TIME_ARRIVAL_LOCAL,STD_TIME_ARRIVAL_LOCAL,STD_DEPARTURE_DAY_OFFSET,STD_ARRIVAL_DAY_OFFSET,EST_DEPARTURE_DAY_OFFSET,EST_ARRIVAL_DAY_OFFSET)
VALUES
(10004,10004,1,'CMB','DOH',8,NULL,NULL,0,'CMB/DOH',NULL,NULL,NULL,NULL,NULL,NULL,NULL,NULL,0,0,0,0);

INSERT INTO T_FLIGHT_LEG
(FLIGHT_LEG_ID,FLIGHT_ID,LEG_NUMBER,ORIGIN,DESTINATION,DURATION,DEPARTURE_DAY_OFFSET,ARRIVAL_DAY_OFFSET,VERSION,ROUTE_ID,EST_TIME_DEPARTURE_ZULU,STD_TIME_DEPARTURE_ZULU,EST_TIME_ARRIVAL_ZULU,STD_TIME_ARRIVAL_ZULU,EST_TIME_DEPARTURE_LOCAL,STD_TIME_DEPARTURE_LOCAL,EST_TIME_ARRIVAL_LOCAL,STD_TIME_ARRIVAL_LOCAL,STD_DEPARTURE_DAY_OFFSET,STD_ARRIVAL_DAY_OFFSET,EST_DEPARTURE_DAY_OFFSET,EST_ARRIVAL_DAY_OFFSET)
VALUES
(10005,10005,1,'CMB','DOH',8,NULL,NULL,0,'CMB/DOH',NULL,NULL,NULL,NULL,NULL,NULL,NULL,NULL,0,0,0,0);

INSERT INTO T_FLIGHT_LEG
(FLIGHT_LEG_ID,FLIGHT_ID,LEG_NUMBER,ORIGIN,DESTINATION,DURATION,DEPARTURE_DAY_OFFSET,ARRIVAL_DAY_OFFSET,VERSION,ROUTE_ID,EST_TIME_DEPARTURE_ZULU,STD_TIME_DEPARTURE_ZULU,EST_TIME_ARRIVAL_ZULU,STD_TIME_ARRIVAL_ZULU,EST_TIME_DEPARTURE_LOCAL,STD_TIME_DEPARTURE_LOCAL,EST_TIME_ARRIVAL_LOCAL,STD_TIME_ARRIVAL_LOCAL,STD_DEPARTURE_DAY_OFFSET,STD_ARRIVAL_DAY_OFFSET,EST_DEPARTURE_DAY_OFFSET,EST_ARRIVAL_DAY_OFFSET)
VALUES
(10006,10006,1,'CMB','DOH',8,NULL,NULL,0,'CMB/DOH',NULL,NULL,NULL,NULL,NULL,NULL,NULL,NULL,0,0,0,0);


INSERT INTO T_FLIGHT_SEGMENT
(FLT_SEG_ID,FLIGHT_ID,SEGMENT_CODE,SEGMENT_VALID_FLAG,SEGMENT_PRIORITY,VERSION)
VALUES
(10001,10001,'CMB/DOH','Y',1,0);

INSERT INTO T_FLIGHT_SEGMENT
(FLT_SEG_ID,FLIGHT_ID,SEGMENT_CODE,SEGMENT_VALID_FLAG,SEGMENT_PRIORITY,VERSION)
VALUES
(10002,10002,'CMB/DOH','Y',1,0);

INSERT INTO T_FLIGHT_SEGMENT
(FLT_SEG_ID,FLIGHT_ID,SEGMENT_CODE,SEGMENT_VALID_FLAG,SEGMENT_PRIORITY,VERSION)
VALUES
(10003,10003,'CMB/DOH','Y',1,0);

INSERT INTO T_FLIGHT_SEGMENT
(FLT_SEG_ID,FLIGHT_ID,SEGMENT_CODE,SEGMENT_VALID_FLAG,SEGMENT_PRIORITY,VERSION)
VALUES
(10004,10004,'CMB/DOH','Y',1,0);

INSERT INTO T_FLIGHT_SEGMENT
(FLT_SEG_ID,FLIGHT_ID,SEGMENT_CODE,SEGMENT_VALID_FLAG,SEGMENT_PRIORITY,VERSION)
VALUES
(10005,10005,'CMB/DOH','Y',1,0);

INSERT INTO T_FLIGHT_SEGMENT
(FLT_SEG_ID,FLIGHT_ID,SEGMENT_CODE,SEGMENT_VALID_FLAG,SEGMENT_PRIORITY,VERSION)
VALUES
(10006,10006,'CMB/DOH','Y',1,0);


INSERT INTO T_FLIGHT
(FLIGHT_ID,SCHEDULE_ID,FLIGHT_NUMBER,DEPARTURE_DATE,DAY_NUMBER,DAY_OF_DEPARTURE,OPERATION_TYPE_ID,ORIGIN,DESTINATION,AVAILABLE_SEAT_KILOMETERS,OVERLAP_SCHEDULE_FLAG,OVERLAP_FLIGHT_INSTANCE_ID,SEATS_ALLOCATED_FLAG,TAIL_NUMBER,MODEL_NUMBER,STATUS,CREATED_BY,CREATED_DATE,MODIFIED_BY,MODIFIED_DATE,VERSION,MANUALLY_CHANGED)
VALUES
(10010,NULL,'GG1111',to_date('3-14-2006','MM-DD-YYYY'),3,NULL,1,'CMB','DOH',1,'N',NULL,'N',NULL,'MDL_NBR_UNIT_TSTING','ACTIVE','jhonw',to_date('8-31-2005','MM-DD-YYYY'),NULL,NULL,0,'N');

INSERT INTO T_FLIGHT_LEG
(FLIGHT_LEG_ID,FLIGHT_ID,LEG_NUMBER,ORIGIN,DESTINATION,DURATION,DEPARTURE_DAY_OFFSET,ARRIVAL_DAY_OFFSET,VERSION,ROUTE_ID,EST_TIME_DEPARTURE_ZULU,STD_TIME_DEPARTURE_ZULU,EST_TIME_ARRIVAL_ZULU,STD_TIME_ARRIVAL_ZULU,EST_TIME_DEPARTURE_LOCAL,STD_TIME_DEPARTURE_LOCAL,EST_TIME_ARRIVAL_LOCAL,STD_TIME_ARRIVAL_LOCAL,STD_DEPARTURE_DAY_OFFSET,STD_ARRIVAL_DAY_OFFSET,EST_DEPARTURE_DAY_OFFSET,EST_ARRIVAL_DAY_OFFSET)
VALUES
(10010,10010,1,'CMB','DOH',8,NULL,NULL,0,'CMB/DOH',NULL,NULL,NULL,NULL,NULL,NULL,NULL,NULL,0,0,0,0);
	
INSERT INTO T_FLIGHT_SEGMENT
(FLT_SEG_ID,FLIGHT_ID,SEGMENT_CODE,SEGMENT_VALID_FLAG,SEGMENT_PRIORITY,VERSION)
VALUES
(10010,10010,'CMB/DOH','Y',1,0);	
   
 
INSERT INTO T_FLIGHT
(FLIGHT_ID,SCHEDULE_ID,FLIGHT_NUMBER,DEPARTURE_DATE,DAY_NUMBER,DAY_OF_DEPARTURE,OPERATION_TYPE_ID,ORIGIN,DESTINATION,AVAILABLE_SEAT_KILOMETERS,OVERLAP_SCHEDULE_FLAG,OVERLAP_FLIGHT_INSTANCE_ID,SEATS_ALLOCATED_FLAG,TAIL_NUMBER,MODEL_NUMBER,STATUS,CREATED_BY,CREATED_DATE,MODIFIED_BY,MODIFIED_DATE,VERSION,MANUALLY_CHANGED)
VALUES
(10011,NULL,'GG1111',to_date('3-17-2006','MM-DD-YYYY'),6,NULL,1,'CMB','DOH',1,'N',NULL,'N',NULL,'MDL_NBR_UNIT_TSTING','ACTIVE','jhonw',to_date('8-31-2005','MM-DD-YYYY'),NULL,NULL,0,'N');

INSERT INTO T_FLIGHT_LEG
(FLIGHT_LEG_ID,FLIGHT_ID,LEG_NUMBER,ORIGIN,DESTINATION,DURATION,DEPARTURE_DAY_OFFSET,ARRIVAL_DAY_OFFSET,VERSION,ROUTE_ID,EST_TIME_DEPARTURE_ZULU,STD_TIME_DEPARTURE_ZULU,EST_TIME_ARRIVAL_ZULU,STD_TIME_ARRIVAL_ZULU,EST_TIME_DEPARTURE_LOCAL,STD_TIME_DEPARTURE_LOCAL,EST_TIME_ARRIVAL_LOCAL,STD_TIME_ARRIVAL_LOCAL,STD_DEPARTURE_DAY_OFFSET,STD_ARRIVAL_DAY_OFFSET,EST_DEPARTURE_DAY_OFFSET,EST_ARRIVAL_DAY_OFFSET)
VALUES
(10011,10011,1,'CMB','DOH',8,NULL,NULL,0,'CMB/DOH',NULL,NULL,NULL,NULL,NULL,NULL,NULL,NULL,0,0,0,0);
	
INSERT INTO T_FLIGHT_SEGMENT
(FLT_SEG_ID,FLIGHT_ID,SEGMENT_CODE,SEGMENT_VALID_FLAG,SEGMENT_PRIORITY,VERSION)
VALUES
(10011,10011,'CMB/DOH','Y',1,0);





INSERT INTO T_FLIGHT_SCHEDULE
(SCHEDULE_ID,FLIGHT_NUMBER,MODEL_NUMBER,OPERATION_TYPE_ID,START_DATE,STOP_DATE,FREQUENCY_D0,FREQUENCY_D1,FREQUENCY_D2,FREQUENCY_D3,FREQUENCY_D4,FREQUENCY_D5,FREQUENCY_D6,ORIGIN,DESTINATION,OVERLAP_SCHEDULE_FLAG,AVAILABLE_SEAT_KILOMETERS,NUMBER_OF_DEPARTURES,SCHEDULE_BUILD_STATUS_CODE,SCHEDULE_STATUS_CODE,CREATED_BY,CREATED_DATE,MODIFIED_BY,MODIFIED_DATE,VERSION,MANUALLY_CHANGED)
VALUES
(10002,'GG1111','MDL_NBR_UNIT_TSTING',2, to_date('5-1-2006','MM-DD-YYYY') ,to_date('5-31-2006','MM-DD-YYYY'),1,0,1,1,0,1,0,'CMB','DOH','N',NULL,NULL,'BUILD','ACTIVE','jhonw',to_date('8-31-2005','MM-DD-YYYY'),NULL,NULL,0,'N'); 

INSERT INTO T_FLIGHT_SCHEDULE_LEG
(FSL_ID,SCHEDULE_ID,LEG_NUMBER,ORIGIN,DESTINATION,VERSION,DURATION,ROUTE_ID,STD_TIME_DEPARTURE_ZULU,EST_TIME_ARRIVAL_ZULU,STD_TIME_ARRIVAL_ZULU,EST_TIME_DEPARTURE_LOCAL,STD_TIME_DEPARTURE_LOCAL,EST_TIME_ARRIVAL_LOCAL,STD_TIME_ARRIVAL_LOCAL,STD_DEPARTURE_DAY_OFFSET,STD_ARRIVAL_DAY_OFFSET,EST_DEPARTURE_DAY_OFFSET,EST_ARRIVAL_DAY_OFFSET,EST_TIME_DEPARTURE_ZULU)
VALUES
(10002,10002,1,'CMB','DOH',0,8,'CMB/DOH',NULL,NULL,NULL,NULL,NULL,NULL,NULL,0,0,0,0,NULL);

INSERT INTO T_FLIGHT_SCHEDULE_SEGMENT
(FL_SCH_SEG_ID,SCHEDULE_ID,SEGMENT_CODE,SEGMENT_VALID_FLAG,SEGMENT_PRIORITY,VERSION,SEGMENT_INDEX)
VALUES
(10002,10002,'1','Y',1,0,NULL);





INSERT INTO T_FLIGHT_SCHEDULE
(SCHEDULE_ID,FLIGHT_NUMBER,MODEL_NUMBER,OPERATION_TYPE_ID,START_DATE,STOP_DATE,FREQUENCY_D0,FREQUENCY_D1,FREQUENCY_D2,FREQUENCY_D3,FREQUENCY_D4,FREQUENCY_D5,FREQUENCY_D6,ORIGIN,DESTINATION,OVERLAP_SCHEDULE_FLAG,AVAILABLE_SEAT_KILOMETERS,NUMBER_OF_DEPARTURES,SCHEDULE_BUILD_STATUS_CODE,SCHEDULE_STATUS_CODE,CREATED_BY,CREATED_DATE,MODIFIED_BY,MODIFIED_DATE,VERSION,MANUALLY_CHANGED)
VALUES
(10003,'GG1111','MDL_NBR_UNIT_TSTING',2, to_date('6-1-2006','MM-DD-YYYY') ,to_date('6-30-2006','MM-DD-YYYY'),1,0,1,1,0,1,0,'CMB','DOH','N',NULL,NULL,'BUILD','ACTIVE','jhonw',to_date('8-31-2005','MM-DD-YYYY'),NULL,NULL,0,'N'); 

INSERT INTO T_FLIGHT_SCHEDULE_LEG
(FSL_ID,SCHEDULE_ID,LEG_NUMBER,ORIGIN,DESTINATION,VERSION,DURATION,ROUTE_ID,STD_TIME_DEPARTURE_ZULU,EST_TIME_ARRIVAL_ZULU,STD_TIME_ARRIVAL_ZULU,EST_TIME_DEPARTURE_LOCAL,STD_TIME_DEPARTURE_LOCAL,EST_TIME_ARRIVAL_LOCAL,STD_TIME_ARRIVAL_LOCAL,STD_DEPARTURE_DAY_OFFSET,STD_ARRIVAL_DAY_OFFSET,EST_DEPARTURE_DAY_OFFSET,EST_ARRIVAL_DAY_OFFSET,EST_TIME_DEPARTURE_ZULU)
VALUES
(10003,10003,1,'CMB','DOH',0,8,'CMB/DOH',NULL,NULL,NULL,NULL,NULL,NULL,NULL,0,0,0,0,NULL);

INSERT INTO T_FLIGHT_SCHEDULE_SEGMENT
(FL_SCH_SEG_ID,SCHEDULE_ID,SEGMENT_CODE,SEGMENT_VALID_FLAG,SEGMENT_PRIORITY,VERSION,SEGMENT_INDEX)
VALUES
(10003,10003,'1','Y',1,0,NULL);






INSERT INTO T_FLIGHT_SCHEDULE
(SCHEDULE_ID,FLIGHT_NUMBER,MODEL_NUMBER,OPERATION_TYPE_ID,START_DATE,STOP_DATE,FREQUENCY_D0,FREQUENCY_D1,FREQUENCY_D2,FREQUENCY_D3,FREQUENCY_D4,FREQUENCY_D5,FREQUENCY_D6,ORIGIN,DESTINATION,OVERLAP_SCHEDULE_FLAG,AVAILABLE_SEAT_KILOMETERS,NUMBER_OF_DEPARTURES,SCHEDULE_BUILD_STATUS_CODE,SCHEDULE_STATUS_CODE,CREATED_BY,CREATED_DATE,MODIFIED_BY,MODIFIED_DATE,VERSION,MANUALLY_CHANGED)
VALUES
(10004,'GG1111','MDL_NBR_UNIT_TSTING',2, to_date('7-1-2006','MM-DD-YYYY') ,to_date('7-4-2006','MM-DD-YYYY'),1,0,1,1,0,1,0,'CMB','DOH','N',NULL,NULL,'COMPLETE','ACTIVE','jhonw',to_date('8-31-2005','MM-DD-YYYY'),NULL,NULL,0,'N'); 

INSERT INTO T_FLIGHT_SCHEDULE_LEG
(FSL_ID,SCHEDULE_ID,LEG_NUMBER,ORIGIN,DESTINATION,VERSION,DURATION,ROUTE_ID,STD_TIME_DEPARTURE_ZULU,EST_TIME_ARRIVAL_ZULU,STD_TIME_ARRIVAL_ZULU,EST_TIME_DEPARTURE_LOCAL,STD_TIME_DEPARTURE_LOCAL,EST_TIME_ARRIVAL_LOCAL,STD_TIME_ARRIVAL_LOCAL,STD_DEPARTURE_DAY_OFFSET,STD_ARRIVAL_DAY_OFFSET,EST_DEPARTURE_DAY_OFFSET,EST_ARRIVAL_DAY_OFFSET,EST_TIME_DEPARTURE_ZULU)
VALUES
(10004,10004,1,'CMB','DOH',0,8,'CMB/DOH',NULL,NULL,NULL,NULL,NULL,NULL,NULL,0,0,0,0,NULL);

INSERT INTO T_FLIGHT_SCHEDULE_SEGMENT
(FL_SCH_SEG_ID,SCHEDULE_ID,SEGMENT_CODE,SEGMENT_VALID_FLAG,SEGMENT_PRIORITY,VERSION,SEGMENT_INDEX)
VALUES
(10004,10004,'1','Y',1,0,NULL);


INSERT INTO T_FLIGHT
(FLIGHT_ID,SCHEDULE_ID,FLIGHT_NUMBER,DEPARTURE_DATE,DAY_NUMBER,DAY_OF_DEPARTURE,OPERATION_TYPE_ID,ORIGIN,DESTINATION,AVAILABLE_SEAT_KILOMETERS,OVERLAP_SCHEDULE_FLAG,OVERLAP_FLIGHT_INSTANCE_ID,SEATS_ALLOCATED_FLAG,TAIL_NUMBER,MODEL_NUMBER,STATUS,CREATED_BY,CREATED_DATE,MODIFIED_BY,MODIFIED_DATE,VERSION,MANUALLY_CHANGED)
VALUES
(10050,10004,'GG1111',to_date('7-1-2006','MM-DD-YYYY'),0,NULL,2,'CMB','DOH',1,'N',NULL,'N',NULL,'MDL_NBR_UNIT_TSTING','ACTIVE','jhonw',to_date('8-31-2005','MM-DD-YYYY'),NULL,NULL,0,'N');

INSERT INTO T_FLIGHT
(FLIGHT_ID,SCHEDULE_ID,FLIGHT_NUMBER,DEPARTURE_DATE,DAY_NUMBER,DAY_OF_DEPARTURE,OPERATION_TYPE_ID,ORIGIN,DESTINATION,AVAILABLE_SEAT_KILOMETERS,OVERLAP_SCHEDULE_FLAG,OVERLAP_FLIGHT_INSTANCE_ID,SEATS_ALLOCATED_FLAG,TAIL_NUMBER,MODEL_NUMBER,STATUS,CREATED_BY,CREATED_DATE,MODIFIED_BY,MODIFIED_DATE,VERSION,MANUALLY_CHANGED)
VALUES
(10051,10004,'GG1111',to_date('7-3-2006','MM-DD-YYYY'),2,NULL,2,'CMB','DOH',1,'N',NULL,'N',NULL,'MDL_NBR_UNIT_TSTING','ACTIVE','jhonw',to_date('8-31-2005','MM-DD-YYYY'),NULL,NULL,0,'N');

INSERT INTO T_FLIGHT
(FLIGHT_ID,SCHEDULE_ID,FLIGHT_NUMBER,DEPARTURE_DATE,DAY_NUMBER,DAY_OF_DEPARTURE,OPERATION_TYPE_ID,ORIGIN,DESTINATION,AVAILABLE_SEAT_KILOMETERS,OVERLAP_SCHEDULE_FLAG,OVERLAP_FLIGHT_INSTANCE_ID,SEATS_ALLOCATED_FLAG,TAIL_NUMBER,MODEL_NUMBER,STATUS,CREATED_BY,CREATED_DATE,MODIFIED_BY,MODIFIED_DATE,VERSION,MANUALLY_CHANGED)
VALUES
(10052,10004,'GG1111',to_date('7-4-2006','MM-DD-YYYY'),3,NULL,2,'CMB','DOH',1,'N',NULL,'N',NULL,'MDL_NBR_UNIT_TSTING','ACTIVE','jhonw',to_date('8-31-2005','MM-DD-YYYY'),NULL,NULL,0,'N');



INSERT INTO T_FLIGHT_LEG
(FLIGHT_LEG_ID,FLIGHT_ID,LEG_NUMBER,ORIGIN,DESTINATION,DURATION,DEPARTURE_DAY_OFFSET,ARRIVAL_DAY_OFFSET,VERSION,ROUTE_ID,EST_TIME_DEPARTURE_ZULU,STD_TIME_DEPARTURE_ZULU,EST_TIME_ARRIVAL_ZULU,STD_TIME_ARRIVAL_ZULU,EST_TIME_DEPARTURE_LOCAL,STD_TIME_DEPARTURE_LOCAL,EST_TIME_ARRIVAL_LOCAL,STD_TIME_ARRIVAL_LOCAL,STD_DEPARTURE_DAY_OFFSET,STD_ARRIVAL_DAY_OFFSET,EST_DEPARTURE_DAY_OFFSET,EST_ARRIVAL_DAY_OFFSET)
VALUES
(10050,10050,1,'CMB','DOH',8,NULL,NULL,0,'CMB/DOH',NULL,NULL,NULL,NULL,NULL,NULL,NULL,NULL,0,0,0,0);

INSERT INTO T_FLIGHT_LEG
(FLIGHT_LEG_ID,FLIGHT_ID,LEG_NUMBER,ORIGIN,DESTINATION,DURATION,DEPARTURE_DAY_OFFSET,ARRIVAL_DAY_OFFSET,VERSION,ROUTE_ID,EST_TIME_DEPARTURE_ZULU,STD_TIME_DEPARTURE_ZULU,EST_TIME_ARRIVAL_ZULU,STD_TIME_ARRIVAL_ZULU,EST_TIME_DEPARTURE_LOCAL,STD_TIME_DEPARTURE_LOCAL,EST_TIME_ARRIVAL_LOCAL,STD_TIME_ARRIVAL_LOCAL,STD_DEPARTURE_DAY_OFFSET,STD_ARRIVAL_DAY_OFFSET,EST_DEPARTURE_DAY_OFFSET,EST_ARRIVAL_DAY_OFFSET)
VALUES
(10051,10051,1,'CMB','DOH',8,NULL,NULL,0,'CMB/DOH',NULL,NULL,NULL,NULL,NULL,NULL,NULL,NULL,0,0,0,0);	

INSERT INTO T_FLIGHT_LEG
(FLIGHT_LEG_ID,FLIGHT_ID,LEG_NUMBER,ORIGIN,DESTINATION,DURATION,DEPARTURE_DAY_OFFSET,ARRIVAL_DAY_OFFSET,VERSION,ROUTE_ID,EST_TIME_DEPARTURE_ZULU,STD_TIME_DEPARTURE_ZULU,EST_TIME_ARRIVAL_ZULU,STD_TIME_ARRIVAL_ZULU,EST_TIME_DEPARTURE_LOCAL,STD_TIME_DEPARTURE_LOCAL,EST_TIME_ARRIVAL_LOCAL,STD_TIME_ARRIVAL_LOCAL,STD_DEPARTURE_DAY_OFFSET,STD_ARRIVAL_DAY_OFFSET,EST_DEPARTURE_DAY_OFFSET,EST_ARRIVAL_DAY_OFFSET)
VALUES
(10052,10052,1,'CMB','DOH',8,NULL,NULL,0,'CMB/DOH',NULL,NULL,NULL,NULL,NULL,NULL,NULL,NULL,0,0,0,0);


INSERT INTO T_FLIGHT_SEGMENT
(FLT_SEG_ID,FLIGHT_ID,SEGMENT_CODE,SEGMENT_VALID_FLAG,SEGMENT_PRIORITY,VERSION)
VALUES
(10050,10050,'CMB/DOH','Y',1,0);

INSERT INTO T_FLIGHT_SEGMENT
(FLT_SEG_ID,FLIGHT_ID,SEGMENT_CODE,SEGMENT_VALID_FLAG,SEGMENT_PRIORITY,VERSION)
VALUES
(10051,10051,'CMB/DOH','Y',1,0);

INSERT INTO T_FLIGHT_SEGMENT
(FLT_SEG_ID,FLIGHT_ID,SEGMENT_CODE,SEGMENT_VALID_FLAG,SEGMENT_PRIORITY,VERSION)
VALUES
(10052,10052,'CMB/DOH','Y',1,0);



INSERT INTO T_FLIGHT
(FLIGHT_ID,SCHEDULE_ID,FLIGHT_NUMBER,DEPARTURE_DATE,DAY_NUMBER,DAY_OF_DEPARTURE,OPERATION_TYPE_ID,ORIGIN,DESTINATION,AVAILABLE_SEAT_KILOMETERS,OVERLAP_SCHEDULE_FLAG,OVERLAP_FLIGHT_INSTANCE_ID,SEATS_ALLOCATED_FLAG,TAIL_NUMBER,MODEL_NUMBER,STATUS,CREATED_BY,CREATED_DATE,MODIFIED_BY,MODIFIED_DATE,VERSION,MANUALLY_CHANGED)
VALUES
(10025,NULL,'GG1111',to_date('3-17-2006','MM-DD-YYYY'),6,NULL,1,'CMB','DOH',1,'N',NULL,'N',NULL,'MDL_NBR_UNIT_TSTING','ACTIVE','jhonw',to_date('8-31-2005','MM-DD-YYYY'),NULL,NULL,0,'N');


insert into T_APP_PARAMETER (PARAM_KEY, PARAM_VALUE, VERSION) values ( 'OFFST', '6', 0);